oid,icao,ac_group_code,ac_group,manufacturer,name,class,mtow,engine_count,engine_name,engine,departure_profile,arrival_profile,bada_id,wake_category,apu_id
1,A109,H2,HELICOPTER HEAVY,AGUSTA,AW-109 Da Vinci,H2T/L,2800,2,TurboProp-88,TP-88,HELIPROF-D-1-STANDARD,HELIPROF-A-1-STANDARD,BE9L,L,
2,A119,H1,HELICOPTER LIGHT,AGUSTAWESTLAND,A-119 Koala,H1T/L,2800,1,TurboProp-54,TP-54,HELIPROF-D-1-STANDARD,HELIPROF-A-1-STANDARD,TBM8,L,
3,A124,JL,JET LARGE,ANTONOV,An-124 Ruslan,L4J/H,405000,4,RB211-524B SERIES,1RR005,JET-LARGE-D-7,JET-LARGE-A-1,A124,H,
4,A140,TP,TURBOPROP,ANTONOV,An-140,L2T/M,21500,2,TurboProp-77,TP-77,TURBOPROP-D-6,TURBOPROP-A-1,A140,M,
5,A148,JR,JET REGIONAL,ANTONOV,An-148,L2J/M,39500,2,D-436-148 F1,13ZM003,JET-REGIONAL-D-2,JET-REGIONAL-A-1,A148,M,TSCP 700 (142 HP)
6,A149,H2,HELICOPTER HEAVY,AGUSTAWESTLAND,AW-149,H2T/M,8100,2,TurboProp-65,TP-65,HELIPROF-D-1-STANDARD,HELIPROF-A-1-STANDARD,AT43,M,
7,A158,JM,JET MEDIUM,ANTONOV,An-158,L2J/M,43700,2,D-436-148 F2,13ZM004,JET-MEDIUM-D-2,JET-MEDIUM-A-1,A158,M,PW901A
8,A169,H2,HELICOPTER HEAVY,AGUSTAWESTLAND,AW-169,H2T/L,4500,2,TurboProp-52,TP-52,HELIPROF-D-1-STANDARD,HELIPROF-A-1-STANDARD,JS41,L,
9,A178,JM,JET MEDIUM,ANTONOV,An-178,L2J/M,52400,2,D-436-148 F1,13ZM003,JET-MEDIUM-D-3,JET-MEDIUM-A-1,E190,M,PW901A
10,A189,H2,HELICOPTER HEAVY,AGUSTAWESTLAND,AW-189,H2T/M,8000,2,TurboProp-65,TP-65,HELIPROF-D-1-STANDARD,HELIPROF-A-1-STANDARD,AT43,M,
11,A19N,JS,JET SMALL,AIRBUS,A-319neo,L2J/M,75500,2,LEAP-1A26/26E1,01P20CM128,JET-SMALL-D-4,JET-SMALL-A-1,A20N,M,131-9
12,A20N,JS,JET SMALL,AIRBUS,A-320neo,L2J/M,79000,2,LEAP-1A26/26E1,01P20CM128,JET-SMALL-D-4,JET-SMALL-A-1,A20N,M,131-9
13,A210,PP,PROPELLER,AQUILA,AT-01,L1P/L,700,1,Rotax 912S,FOCA-11,PISTON-D-1,PISTON-A-1,C162,L,
14,A21N,JS,JET SMALL,AIRBUS,A-321neo,L2J/M,97000,2,PW1133G-JM,01P18PW157,JET-SMALL-D-6,JET-SMALL-A-1,A21N,M,131-9
15,A225,JL,JET LARGE,ANTONOV,An-225 Mriya,L6J/H,600000,6,RB211-524B SERIES,1RR005,JET-LARGE-D-7,JET-LARGE-A-1,A124,H,
16,A270,TP,TURBOPROP,AERO,Ae-270 Propjet,L1T/L,3300,1,TurboProp-41,TP-41,TURBOPROP-D-1,TURBOPROP-A-1,C208,L,
17,A306,JM,JET MEDIUM,AIRBUS,A-300B4-600,L2J/H,165000,2,PW4158,1PW048,JET-MEDIUM-D-6,JET-MEDIUM-A-1,A306,H,GTCP331-200ER (143 HP)
18,A30B,JM,JET MEDIUM,AIRBUS,A-300B2,L2J/H,165000,2,CF6-50C2,3GE074,JET-MEDIUM-D-6,JET-MEDIUM-A-1,A30B,H,GTCP331-200ER (143 HP)
19,A310,JM,JET MEDIUM,AIRBUS,A-310,L2J/H,164000,2,CF6-80C2A2,2GE037,JET-MEDIUM-D-6,JET-MEDIUM-A-1,A310,H,GTCP331-200ER (143 HP)
20,A318,JS,JET SMALL,AIRBUS,A-318,L2J/M,66000,2,CFM56-5B8/P,7CM048,JET-SMALL-D-3,JET-SMALL-A-1,A318,M,GTCP 36-300 (80HP)
21,A319,JS,JET SMALL,AIRBUS,A-319,L2J/M,64000,2,CFM56-5B5/P,3CM027,JET-SMALL-D-3,JET-SMALL-A-1,A319,M,GTCP 36-300 (80HP)
22,A320,JS,JET SMALL,AIRBUS,A-320,L2J/M,75000,2,CFM56-5B4/P,3CM026,JET-SMALL-D-4,JET-SMALL-A-1,A320,M,GTCP 36-300 (80HP)
23,A321,JS,JET SMALL,AIRBUS,A-321,L2J/M,89000,2,V2533-A5 SELECTON UPGRADE PACKAGE,01P10IA025,JET-SMALL-D-5,JET-SMALL-A-1,A321,M,GTCP 36-300 (80HP)
24,A33,PP,PROPELLER,AEROPRACT,A-33,L1P/L,800,1,Rotax 912S,FOCA-11,PISTON-D-1,PISTON-A-1,MAGC,L,
25,A332,JM,JET MEDIUM,AIRBUS,A-330-200,L2J/H,233000,2,TRENT 772,01P14RR102,JET-MEDIUM-D-7,JET-MEDIUM-A-1,A332,H,GTCP 36-300 (80HP)
26,A333,JM,JET MEDIUM,AIRBUS,A-330-300,L2J/H,212000,2,TRENT 772,01P14RR102,JET-MEDIUM-D-7,JET-MEDIUM-A-1,A333,H,GTCP 331-350
27,A337,JL,JET LARGE,AIRBUS,A-330-700 Beluga XL,L2J/H,227000,2,TRENT 772,01P14RR102,JET-LARGE-D-4,JET-LARGE-A-1,A332,H,GTCP 331-350
28,A338,JL,JET LARGE,AIRBUS,A-330-800,L2J/H,251000,2,TRENT7000-72,01P19RR119,JET-LARGE-D-5,JET-LARGE-A-1,A339,H,GTCP 331-350
29,A339,JL,JET LARGE,AIRBUS,A-330-900,L2J/H,251000,2,TRENT7000-72,01P19RR119,JET-LARGE-D-5,JET-LARGE-A-1,A339,H,GTCP 331-350
30,A342,JL,JET LARGE,AIRBUS,A-340-200,L4J/H,260000,4,CFM56-5C2,1CM010,JET-LARGE-D-5,JET-LARGE-A-1,A342,H,GTCP 331-350
31,A343,JL,JET LARGE,AIRBUS,A-340-300,L4J/H,275000,4,CFM56-5C4,2CM015,JET-LARGE-D-5,JET-LARGE-A-1,A343,H,GTCP 331-350
32,A345,JL,JET LARGE,AIRBUS,A-340-500,L4J/H,365000,4,TRENT 553-61,8RR044,JET-LARGE-D-6,JET-LARGE-A-1,A345,H,GTCP 331-350
33,A346,JL,JET LARGE,AIRBUS,A-340-600,L4J/H,365000,4,TRENT 556-61,8RR045,JET-LARGE-D-6,JET-LARGE-A-1,A346,H,GTCP 331-350
34,A359,JM,JET MEDIUM,AIRBUS,A-350-900 XWB,L2J/H,268000,2,TRENT XWB-84,01P18RR124,JET-MEDIUM-D-7,JET-MEDIUM-A-1,A359,H,GTCP331-500 (143 HP)
35,A35K,JL,JET LARGE,AIRBUS,A-350-1000 XWB,L2J/H,265000,2,RR TrentXWB-97,01P21RR125,JET-LARGE-D-5,JET-LARGE-A-1,A35K,H,GTCP331-500 (143 HP)
36,A388,JL,JET LARGE,AIRBUS,A-380-800,L4J/J,560000,4,TRENT 970-84,01P18RR103,JET-LARGE-D-7,JET-LARGE-A-1,A388,J,GTCP331-500 (143 HP)
37,A3ST,JL,JET LARGE,AIRBUS,A-300ST Beluga,L2J/H,150000,2,CF6-80C2A8,2GE040,JET-LARGE-D-3,JET-LARGE-A-1,A3ST,H,GTCP331-500 (143 HP)
38,A400,TP,TURBOPROP,AIRBUS,A-400M Grizzly,L4T/H,130000,4,TurboProp-85,TP-85,TURBOPROP-D-6,TURBOPROP-A-1,C130,H,T-62T-47C1
39,A5,PP,PROPELLER,ICON,A-5,A1P/L,500,1,Rotax 912S,FOCA-11,PISTON-D-1,PISTON-A-1,MAGC,L,
40,A50,JL,JET LARGE,BERIEV,A-50,L4J/H,190000,4,D-30KP-2,1AA002,JET-LARGE-D-3,JET-LARGE-A-1,IL76,H,
41,A660,TP,TURBOPROP,AYRES,S-2R-T660 Turbo Thrush,L1T/L,5600,1,TurboProp-95,TP-95,TURBOPROP-D-2,TURBOPROP-A-1,P750,L,
42,A743,JR,JET REGIONAL,ANTONOV,An-74-300,L2J/M,37500,2,D-36,1ZM001,JET-REGIONAL-D-2,JET-REGIONAL-A-1,A158,M,
43,A748,TP,TURBOPROP,AIL,748,L2T/M,21000,2,TurboProp-9,TP-9,TURBOPROP-D-6,TURBOPROP-A-1,F27,M,GTCP 36 (80HP)
44,AA1,PP,PROPELLER,AMERICAN,AA-1 Tr2,L1P/L,700,1,O-200,FOCA-5,PISTON-D-1,PISTON-A-1,C162,L,
45,AA5,PP,PROPELLER,AMERICAN,AA-5 Traveler,L1P/L,1000,1,O-360-A3A,FOCA-7,PISTON-D-1,PISTON-A-1,P28A,L,
46,AC11,PP,PROPELLER,COMMANDER,Commander 114,L1P/L,1500,1,IO-540-T4A5D,FOCA-3,PISTON-D-1,PISTON-A-1,M20T,L,
47,AC50,PP,PROPELLER,AERO,Commander 500,L2P/L,3000,2,Prop-300hp,FOCA-18,PISTON-D-2,PISTON-A-1,DA62,L,
48,AC56,PP,PROPELLER,AERO,Commander 560,L2P/L,3400,2,Prop-300hp,FOCA-18,PISTON-D-2,PISTON-A-1,C340,L,
49,AC5A,PP,PROPELLER,NANJING,AC-500 Aircar,L1P/L,1500,1,TIO-540-J2B2,FOCA-14,PISTON-D-1,PISTON-A-1,C182,L,
50,AC68,PP,PROPELLER,AERO,Commander 680 Super,L2P/L,4000,2,Prop-500hp,FOCA-19,PISTON-D-2,PISTON-A-1,C421,L,
51,AC6L,PP,PROPELLER,AERO COMMANDER,COMMANDER 680FL Grand Commander,L2P/L,4100,2,TSIO-520-WB,FOCA-16,PISTON-D-2,PISTON-A-1,C414,L,
52,AC80,TP,TURBOPROP,AERO COMMANDER,COMMANDER 680T Turbo Commander,L2T/L,5000,2,TurboProp-113,TP-113,TURBOPROP-D-2,TURBOPROP-A-1,BE99,L,
53,AC90,TP,TURBOPROP,GULFSTREAM AEROSPACE,AEROSPACE 690 Jetprop Commander 840,L2T/L,4600,2,TurboProp-115,TP-115,TURBOPROP-D-1,TURBOPROP-A-1,PAY3,L,
54,AC95,TP,TURBOPROP,GULFSTREAM AEROSPACE,AEROSPACE 695 Jetprop Commander 980,L2T/L,5000,2,TurboProp-103,TP-103,TURBOPROP-D-2,TURBOPROP-A-1,PAY3,L,
55,AEST,PP,PROPELLER,AEROSTAR,600,L2P/L,2700,2,IO-540-T4A5D,FOCA-3,PISTON-D-1,PISTON-A-1,C310,L,
56,AJ27,JR,JET REGIONAL,COMAC,ARJ-21-700 Xiangfeng,L2J/M,40700,2,CF34-10E5A1,11GE144,JET-REGIONAL-D-3,JET-REGIONAL-A-1,A148,M,
57,AN12,TP,TURBOPROP,ANTONOV,An-12,L4T/M,61000,4,TurboProp-5,TP-5,TURBOPROP-D-6,TURBOPROP-A-1,AN12,M,
58,AN22,TP,TURBOPROP,ANTONOV,An-22 Antheus,L4T/H,250000,4,TurboProp-85,TP-85,TURBOPROP-D-6,TURBOPROP-A-1,C130,H,
59,AN24,TP,TURBOPROP,ANTONOV,An-24,L2T/M,21000,2,TurboProp-5,TP-5,TURBOPROP-D-6,TURBOPROP-A-1,AN24,M,
60,AN26,TP,TURBOPROP,ANTONOV,An-26,L2T/M,23000,2,TurboProp-5,TP-5,TURBOPROP-D-6,TURBOPROP-A-1,AN30,M,
61,AN28,TP,TURBOPROP,ANTONOV,An-28,L2T/L,7000,2,TurboProp-39,TP-39,TURBOPROP-D-2,TURBOPROP-A-1,AN28,L,
62,AN30,TP,TURBOPROP,ANTONOV,An-30,L2T/M,23000,2,TurboProp-5,TP-5,TURBOPROP-D-6,TURBOPROP-A-1,AN30,M,
63,AN32,TP,TURBOPROP,ANTONOV,An-32,L2T/M,27000,2,TurboProp-5,TP-5,TURBOPROP-D-6,TURBOPROP-A-1,AN32,M,
64,AN72,JR,JET REGIONAL,ANTONOV,An-72,L2J/M,34500,2,D-36,1ZM001,JET-REGIONAL-D-2,JET-REGIONAL-A-1,F100,M,
65,ANGL,PP,PROPELLER,ANGEL,44 Angel,L2P/L,2600,2,IO-550-B,FOCA-4,PISTON-D-1,PISTON-A-1,DA62,L,
66,AP28,PP,PROPELLER,AEROPRAKT,A-28 Victor,L2P/L,1000,2,TAE-125-01,FOCA-13,PISTON-D-1,PISTON-A-1,P06T,L,
67,APM2,PP,PROPELLER,ISSOIRE,APM-20 Lionceau,L1P/L,600,1,Rotax 912,FOCA-10,PISTON-D-1,PISTON-A-1,MAGC,L,
68,ARVA,TP,TURBOPROP,IAI,101 Arava,L2T/L,6800,2,TurboProp-21,TP-21,TURBOPROP-D-2,TURBOPROP-A-1,L410,L,
69,AS02,PP,PROPELLER,FFA,AS-202-15 Bravo,L1P/L,1000,1,Rotax 914,FOCA-12,PISTON-D-1,PISTON-A-1,C182,L,
70,AS32,H2,HELICOPTER HEAVY,AEROSPATIALE,AS-332B1 Super Puma,H2T/M,7600,2,TurboProp-60,TP-60,HELIPROF-D-1-STANDARD,HELIPROF-A-1-STANDARD,E120,M,
71,AS3B,H2,HELICOPTER HEAVY,AEROSPATIALE,AS-332L2 Super Puma Mk2,H2T/M,7600,2,TurboProp-60,TP-60,HELIPROF-D-1-STANDARD,HELIPROF-A-1-STANDARD,E120,M,
72,AS50,H1,HELICOPTER LIGHT,AEROSPATIALE,AS-350 AStar,H1T/L,2100,1,TurboProp-24,TP-24,HELIPROF-D-1-STANDARD,HELIPROF-A-1-STANDARD,TBM8,L,
73,AS65,H2,HELICOPTER HEAVY,AEROSPATIALE,AS-365 Dauphin 2,H2T/L,4000,2,TurboProp-86,TP-86,HELIPROF-D-1-STANDARD,HELIPROF-A-1-STANDARD,BE99,L,
74,ASTR,JB,JET BUSINESS,IAI,AEROSPACE Gulfstream G100,L2J/M,10600,2,TFE731-3,1AS002,JET-BUSINESS-D-4,JET-BUSINESS-A-1,G150,M,GTCP 36-150
75,AT3,JM,JET MEDIUM,AIDC,AT-3 Tzu-Chung,L2J/M,12700,2,TFE731-3,1AS002,JET-MEDIUM-D-1,JET-MEDIUM-A-1,AJET,M,
76,AT3T,TP,TURBOPROP,AIR TRACTOR,TRACTOR AT-302,L1T/L,4100,1,TurboProp-17,TP-17,TURBOPROP-D-1,TURBOPROP-A-1,C208,L,
77,AT43,TP,TURBOPROP,ATR,ATR-42-300,L2T/M,16700,2,TurboProp-65,TP-65,TURBOPROP-D-5,TURBOPROP-A-1,AT43,M,
78,AT44,TP,TURBOPROP,ATR,ATR-42-400,L2T/M,17000,2,TurboProp-68,TP-68,TURBOPROP-D-5,TURBOPROP-A-1,AT45,M,
79,AT45,TP,TURBOPROP,ATR,ATR-42-500,L2T/M,18600,2,TurboProp-81,TP-81,TURBOPROP-D-5,TURBOPROP-A-1,AT45,M,
80,AT46,TP,TURBOPROP,ATR,ATR-42-600,L2T/M,18600,2,TurboProp-77,TP-77,TURBOPROP-D-5,TURBOPROP-A-1,AT45,M,
81,AT5T,TP,TURBOPROP,AIR TRACTOR,TRACTOR AT-502,L1T/L,4300,1,TurboProp-50,TP-50,TURBOPROP-D-1,TURBOPROP-A-1,P750,L,
82,AT6T,TP,TURBOPROP,AIR TRACTOR,TRACTOR AT-602,L1T/L,5600,1,TurboProp-33,TP-33,TURBOPROP-D-2,TURBOPROP-A-1,C208,L,
83,AT72,TP,TURBOPROP,ATR,ATR-72-201,L2T/M,21500,2,TurboProp-74,TP-74,TURBOPROP-D-6,TURBOPROP-A-1,AT72,M,
84,AT73,TP,TURBOPROP,ATR,ATR-72-211,L2T/M,21500,2,TurboProp-77,TP-77,TURBOPROP-D-6,TURBOPROP-A-1,AT73,M,
85,AT75,TP,TURBOPROP,ATR,ATR-72-500,L2T/M,22500,2,TurboProp-82,TP-82,TURBOPROP-D-6,TURBOPROP-A-1,AT75,M,
86,AT76,TP,TURBOPROP,ATR,ATR-72-600,L2T/M,23000,2,TurboProp-77,TP-77,TURBOPROP-D-6,TURBOPROP-A-1,AT76,M,
87,AT8T,TP,TURBOPROP,AIR TRACTOR,TRACTOR AT-802,L1T/L/M,7200,1,TurboProp-43,TP-43,TURBOPROP-D-2,TURBOPROP-A-1,PC12,L/M,
88,ATP,TP,TURBOPROP,BRITISH AEROSPACE,AEROSPACE ATP,L2T/M,23600,2,TurboProp-76,TP-76,TURBOPROP-D-6,TURBOPROP-A-1,ATP,M,T62T27(65 HP)
89,B06,H1,HELICOPTER LIGHT,AGUSTA,AB-206 JetRanger,H1T/L,1400,1,TurboProp-76,TP-76,HELIPROF-D-1-STANDARD,HELIPROF-A-1-STANDARD,E500,L,
90,B103,PP,PROPELLER,BERIEV,Be-103 Bekas,A2P/L,2200,2,IO-360-A1B6,FOCA-2,PISTON-D-1,PISTON-A-1,DA42,L,
91,B105,H2,HELICOPTER HEAVY,BOLKOW,BO-105,H2T/L,2500,2,TurboProp-87,TP-87,HELIPROF-D-1-STANDARD,HELIPROF-A-1-STANDARD,BE9L,L,
92,B190,TP,TURBOPROP,BEECH,1900,L2T/M,7500,2,TurboProp-48,TP-48,TURBOPROP-D-2,TURBOPROP-A-1,B190,M,
93,B209,PP,PROPELLER,BOLKOW,BO-209 Monsun,L1P/L,800,1,O-320-E2A,FOCA-6,PISTON-D-1,PISTON-A-1,C182,L,
94,B212,H2,HELICOPTER HEAVY,AGUSTA,AB-212,H2T/L,5000,2,TurboProp-56,TP-56,HELIPROF-D-1-STANDARD,HELIPROF-A-1-STANDARD,SW4,L,
95,B214,H1,HELICOPTER LIGHT,BELL,214A Isfahan,H1T/M,7900,1,TurboProp-55,TP-55,HELIPROF-D-1-STANDARD,HELIPROF-A-1-STANDARD,TBM8,M,
96,B222,H2,HELICOPTER HEAVY,BELL,222,H2T/L,3700,2,TurboProp-83,TP-83,HELIPROF-D-1-STANDARD,HELIPROF-A-1-STANDARD,AN30,L,
97,B230,H2,HELICOPTER HEAVY,BELL,230,H2T/L,3800,2,TurboProp-87,TP-87,HELIPROF-D-1-STANDARD,HELIPROF-A-1-STANDARD,BE9L,L,
98,B350,TP,TURBOPROP,BEECH,300 (B300) Super King Air 350,L2T/L/M,5600,2,TurboProp-32,TP-32,TURBOPROP-D-2,TURBOPROP-A-1,B350,L/M,
99,B36T,TP,TURBOPROP,ALLISON,36 Turbine Bonanza,L1T/L,1700,1,TurboProp-32,TP-32,TURBOPROP-D-1,TURBOPROP-A-1,E500,L,
100,B37M,JS,JET SMALL,BOEING,737 MAX 7,L2J/M,80200,2,LEAP-1B27,01P20CM136,JET-SMALL-D-5,JET-SMALL-A-1,B38M,M,131-9
101,B38M,JS,JET SMALL,BOEING,737 MAX 8,L2J/M,82100,2,LEAP-1B27,01P20CM136,JET-SMALL-D-5,JET-SMALL-A-1,B38M,M,131-9
102,B39M,JM,JET MEDIUM,BOEING,737 MAX 9,L2J/M,88300,2,LEAP-1B27,01P20CM136,JET-MEDIUM-D-4,JET-MEDIUM-A-1,B39M,M,131-9
103,B407,H1,HELICOPTER LIGHT,BELL,407,H1T/L,2500,1,TurboProp-19,TP-19,HELIPROF-D-1-STANDARD,HELIPROF-A-1-STANDARD,P46T,L,
104,B427,H2,HELICOPTER HEAVY,BELL,427,H2T/L,2900,2,TurboProp-51,TP-51,HELIPROF-D-1-STANDARD,HELIPROF-A-1-STANDARD,BE99,L,
105,B429,H2,HELICOPTER HEAVY,BELL,429 GlobalRanger,H2T/L,3100,2,TurboProp-94,TP-94,HELIPROF-D-1-STANDARD,HELIPROF-A-1-STANDARD,MU2,L,
106,B430,H2,HELICOPTER HEAVY,BELL,430,H2T/L,4200,2,TurboProp-90,TP-90,HELIPROF-D-1-STANDARD,HELIPROF-A-1-STANDARD,BE99,L,
107,B461,JR,JET REGIONAL,BRITISH AEROSPACE,AEROSPACE BAe-146-100,L4J/M,38100,4,ALF 502R-5,1TL003,JET-REGIONAL-D-2,JET-REGIONAL-A-1,B462,M,
108,B462,JR,JET REGIONAL,BRITISH AEROSPACE,AEROSPACE BAe-146-200,L4J/M,42100,4,ALF 502R-5,1TL003,JET-REGIONAL-D-3,JET-REGIONAL-A-1,B462,M,
109,B463,JR,JET REGIONAL,BRITISH AEROSPACE,AEROSPACE BAe-146-300,L4J/M,44200,4,ALF 502R-5,1TL003,JET-REGIONAL-D-3,JET-REGIONAL-A-1,B463,M,
110,B505,H1,HELICOPTER LIGHT,BELL,505 Jet Ranger X,H1T/L,2000,1,TurboProp-76,TP-76,HELIPROF-D-1-STANDARD,HELIPROF-A-1-STANDARD,P46T,L,
111,B58T,PP,PROPELLER,BEECH,58P Pressurized Baron,L2P/L,2800,2,TSIO-520-WB,FOCA-16,PISTON-D-1,PISTON-A-1,B58T,L,
112,B609,TP,TURBOPROP,AGUSTAWESTLAND,AW-609,T2T/M,7600,2,TurboProp-65,TP-65,TURBOPROP-D-2,TURBOPROP-A-1,AT43,M,
113,B701,JM,JET MEDIUM,BOEING,707-100,L4J/M,116500,4,JT3D-3B,1PW001,JET-MEDIUM-D-5,JET-MEDIUM-A-1,B703,M,
114,B703,JL,JET LARGE,BOEING,707-300,L4J/H,151300,4,JT3D-3B,1PW001,JET-LARGE-D-3,JET-LARGE-A-1,B703,H,GTCP 85 (200 HP)
115,B712,JR,JET REGIONAL,BOEING,717-200,L2J/M,54800,2,BR700-715A1-30,4BR005,JET-REGIONAL-D-4,JET-REGIONAL-A-1,B712,M,GTCP 85 (200 HP)
116,B720,JM,JET MEDIUM,BOEING,720,L4J/M,106100,4,JT3D-7 SERIES,1PW003,JET-MEDIUM-D-5,JET-MEDIUM-A-1,B703,M,GTCP 85 (200 HP)
117,B721,JS,JET SMALL,BOEING,727-100,L3J/M,83000,3,JT8D-7 SERIES,8PW085,JET-SMALL-D-5,JET-SMALL-A-1,B722,M,GTCP 85 (200 HP)
118,B722,JS,JET SMALL,BOEING,727-200,L3J/M,95000,3,JT8D-217C,4PW070,JET-SMALL-D-6,JET-SMALL-A-1,B722,M,GTCP 85 (200 HP)
119,B732,JS,JET SMALL,BOEING,737-200,L2J/M,58700,2,JT8D-15,1PW010,JET-SMALL-D-2,JET-SMALL-A-1,B732,M,GTC 85
120,B733,JS,JET SMALL,BOEING,737-300,L2J/M,62800,2,CFM56-3-B1,1CM004,JET-SMALL-D-3,JET-SMALL-A-1,B733,M,GTC 85
121,B734,JS,JET SMALL,BOEING,737-400,L2J/M,68000,2,CFM56-3C-1,1CM007,JET-SMALL-D-3,JET-SMALL-A-1,B734,M,GTC 85
122,B735,JS,JET SMALL,BOEING,737-500,L2J/M,60500,2,CFM56-3-B1,1CM004,JET-SMALL-D-3,JET-SMALL-A-1,B735,M,GTC 85
123,B736,JS,JET SMALL,BOEING,737-600,L2J/M,65000,2,CFM56-7B20,3CM030,JET-SMALL-D-3,JET-SMALL-A-1,B736,M,GTC 85
124,B737,JS,JET SMALL,BOEING,737-700,L2J/M,70000,2,CFM56-7B24,3CM032,JET-SMALL-D-4,JET-SMALL-A-1,B737,M,131-9
125,B738,JS,JET SMALL,BOEING,737-800,L2J/M,78200,2,CFM56-7B24,3CM032,JET-SMALL-D-4,JET-SMALL-A-1,B738,M,131-9
126,B739,JS,JET SMALL,BOEING,737-900,L2J/M,78200,2,CFM56-7B26,8CM051,JET-SMALL-D-4,JET-SMALL-A-1,B739,M,131-9
127,B741,JL,JET LARGE,BOEING,747-100,L4J/H,340100,4,JT9D-7A,8PW087,JET-LARGE-D-6,JET-LARGE-A-1,B743,H,GTCP 660 (300 HP)
128,B742,JL,JET LARGE,BOEING,747-200,L4J/H,377800,4,CF6-50E2,3GE077,JET-LARGE-D-6,JET-LARGE-A-1,B742,H,GTCP 660 (300 HP)
129,B743,JL,JET LARGE,BOEING,747-300,L4J/H,377800,4,JT9D-7R4G2,1PW029,JET-LARGE-D-6,JET-LARGE-A-1,B743,H,GTCP 660 (300 HP)
130,B744,JL,JET LARGE,BOEING,747-400,L4J/H,396900,4,RB211-524H,1RR011,JET-LARGE-D-6,JET-LARGE-A-1,B744,H,GTCP 660 (300 HP)
131,B748,JL,JET LARGE,BOEING,747-8,L4J/H,442000,4,GENX-2B67,11GE139,JET-LARGE-D-7,JET-LARGE-A-1,B748,H,GTCP 660 (300 HP)
132,B74R,JL,JET LARGE,BOEING,747SR,L4J/H,377800,4,JT9D-7A,8PW087,JET-LARGE-D-6,JET-LARGE-A-1,B743,H,GTCP 660 (300 HP)
133,B74S,JL,JET LARGE,BOEING,747SP,L4J/H,317500,4,RB211-524C2,1RR006,JET-LARGE-D-6,JET-LARGE-A-1,B742,H,GTCP 660 (300 HP)
134,B752,JS,JET SMALL,BOEING,757-200,L2J/M,115600,2,RB211-535E4,5RR038,JET-SMALL-D-6,JET-SMALL-A-1,B752,M,GTCP331-200ER (143 HP)
135,B753,JS,JET SMALL,BOEING,757-300,L2J/M,123600,2,RB211-535E4B,5RR039,JET-SMALL-D-6,JET-SMALL-A-1,B753,M,GTCP331-200ER (143 HP)
136,B762,JM,JET MEDIUM,BOEING,767-200,L2J/H,175500,2,CF6-80C2B2F,2GE046,JET-MEDIUM-D-6,JET-MEDIUM-A-1,B762,H,GTCP331-200ER (143 HP)
137,B763,JM,JET MEDIUM,BOEING,767-300,L2J/H,175500,2,PW4060,12PW101,JET-MEDIUM-D-6,JET-MEDIUM-A-1,B763,H,GTCP331-200ER (143 HP)
138,B764,JM,JET MEDIUM,BOEING,767-400,L2J/H,204100,2,CF6-80C2B7F,2GE055,JET-MEDIUM-D-7,JET-MEDIUM-A-1,B764,H,GTCP331-200ER (143 HP)
139,B772,JL,JET LARGE,BOEING,777-200,L2J/H,242600,2,GE90-85B,9GE126,JET-LARGE-D-4,JET-LARGE-A-1,B772,H,GTCP331-500 (143 HP)
140,B773,JL,JET LARGE,BOEING,777-300,L2J/H,299300,2,TRENT 892,2RR027,JET-LARGE-D-5,JET-LARGE-A-1,B773,H,GTCP331-500 (143 HP)
141,B779,JL,JET LARGE,BOEING,777-9,L2J/H,351000,2,GE90-115B,01P21GE217,JET-LARGE-D-6,JET-LARGE-A-1,B77W,H,GTCP331-500 (143 HP)
142,B77L,JL,JET LARGE,BOEING,777-200LR,L2J/H,297800,2,GE90-115B,01P21GE217,JET-LARGE-D-5,JET-LARGE-A-1,B77L,H,GTCP331-500 (143 HP)
143,B77W,JL,JET LARGE,BOEING,777-300ER,L2J/H,351000,2,GE90-115B,01P21GE217,JET-LARGE-D-6,JET-LARGE-A-1,B77W,H,GTCP331-500 (143 HP)
144,B788,JL,JET LARGE,BOEING,787-8 Dreamliner,L2J/H,227000,2,GENX-1B64/P1,12GE150,JET-LARGE-D-4,JET-LARGE-A-1,B788,H,131-9
145,B789,JM,JET MEDIUM,BOEING,787-9 Dreamliner,L2J/H,245000,2,GENX-1B64/P1,12GE150,JET-MEDIUM-D-7,JET-MEDIUM-A-1,B789,H,131-9
146,B78X,JL,JET LARGE,BOEING,787-10 Dreamliner,L2J/H,252000,2,GENX-1B76/P2,01P17GE213,JET-LARGE-D-5,JET-LARGE-A-1,B78X,H,PW901A
147,BA11,JR,JET REGIONAL,BAC,111 One-Eleven,L2J/M,47400,2,SPEY MK511,8RR043,JET-REGIONAL-D-3,JET-REGIONAL-A-1,BA11,M,GTCP85-129 (200 HP)
148,BCS1,JM,JET MEDIUM,BOMBARDIER,A-220-100,L2J/M,61000,2,PW1524G,01P20PW183,JET-MEDIUM-D-3,JET-MEDIUM-A-1,B736,M,
149,BCS3,JM,JET MEDIUM,BOMBARDIER,A-220-300,L2J/M,68000,2,PW1521G,01P20PW184,JET-MEDIUM-D-3,JET-MEDIUM-A-1,A318,M,
150,BD17,PP,PROPELLER,BEDE,BD-17 Nuggett,L1P/L,500,1,Rotax 582 DCDI,FOCA-9,PISTON-D-1,PISTON-A-1,EV97,L,
151,BDOG,PP,PROPELLER,BEAGLE,B-125 Bulldog,L1P/L,1000,1,IO-360-A1B6,FOCA-2,PISTON-D-1,PISTON-A-1,C82S,L,
152,BE10,TP,TURBOPROP,BEECH,100 King Air,L2T/L,5200,2,BIZLIGHTPROP_F,BIZLIGHTPROP_F,TURBOPROP-D-2,TURBOPROP-A-1,F406,L,
153,BE12,TP,TURBOPROP,BERIEV,Be-12 Tchaika,A2T/M,31000,2,TurboProp-5,TP-5,TURBOPROP-D-6,TURBOPROP-A-1,C27J,M,
154,BE18,PP,PROPELLER,BEECH,18 (piston),L2P/L,3900,2,Prop-500hp,FOCA-19,PISTON-D-2,PISTON-A-1,PA31,L,
155,BE19,PP,PROPELLER,BEECH,19 Musketeer Sport,L1P/L,1000,1,O-360-A3A,FOCA-7,PISTON-D-1,PISTON-A-1,P28A,L,
156,BE20,TP,TURBOPROP,BEECH,200 Super King Air,L2T/L/M,5700,2,TurboProp-25,TP-25,TURBOPROP-D-2,TURBOPROP-A-1,BE20,L/M,
157,BE23,PP,PROPELLER,BEECH,23 Musketeer,L1P/L,1000,1,IO-320-DIAD,FOCA-1,PISTON-D-1,PISTON-A-1,C172,L,
158,BE24,PP,PROPELLER,BEECH,24 Musketeer Super,L1P/L,1200,1,IO-360-A1B6,FOCA-2,PISTON-D-1,PISTON-A-1,P28R,L,
159,BE30,TP,TURBOPROP,BEECH,300 Super King Air,L2T/L,6300,2,TurboProp-32,TP-32,TURBOPROP-D-2,TURBOPROP-A-1,BE30,L,
160,BE32,TP,TURBOPROP,BERIEV,Be-30,L2T/M,7300,2,TurboProp-39,TP-39,TURBOPROP-D-2,TURBOPROP-A-1,AN38,M,
161,BE33,PP,PROPELLER,BEECH,33 Bonanza,L1P/L,1400,1,TSIO-360C,FOCA-15,PISTON-D-1,PISTON-A-1,P28T,L,
162,BE35,PP,PROPELLER,BEECH,35 Bonanza,L1P/L,1200,1,IO-540-T4A5D,FOCA-3,PISTON-D-1,PISTON-A-1,SR22,L,
163,BE36,PP,PROPELLER,BEECH,A36 Bonanza 36,L1P/L,1600,1,IO-550-B,FOCA-4,PISTON-D-1,PISTON-A-1,BE36,L,
165,BE4W,JB,JET BUSINESS,BEECH,400XT Beechjet,L2J/M,7300,2,TFE731-2-2B,1AS001,JET-BUSINESS-D-2,JET-BUSINESS-A-1,BE40,M,
166,BE50,PP,PROPELLER,BEECH,50 Twin Bonanza,L2P/L,2700,2,Prop-500hp,FOCA-19,PISTON-D-1,PISTON-A-1,C402,L,
167,BE55,PP,PROPELLER,BEECH,55 Baron,L2P/L,2200,2,Prop-300hp,FOCA-18,PISTON-D-1,PISTON-A-1,PA27,L,
168,BE56,PP,PROPELLER,BEECH,56 Turbo Baron,L2P/L,2700,2,TIO-540-J2B2,FOCA-14,PISTON-D-1,PISTON-A-1,C340,L,
169,BE58,PP,PROPELLER,BEECH,58 Baron,L2P/L,2500,2,TSIO-520-WB,FOCA-16,PISTON-D-1,PISTON-A-1,BE58,L,
170,BE60,PP,PROPELLER,BEECH,60 Duke,L2P/L,3000,2,TIO-540-J2B2,FOCA-14,PISTON-D-2,PISTON-A-1,C414,L,
171,BE65,PP,PROPELLER,BEECH,65 Queen Air,L2P/L,3500,2,Prop-500hp,FOCA-19,PISTON-D-2,PISTON-A-1,C414,L,
172,BE70,PP,PROPELLER,BEECH,70 Queen Air,L2P/L,3700,2,TIO-540-J2B2,FOCA-14,PISTON-D-2,PISTON-A-1,C414,L,
173,BE76,PP,PROPELLER,BEECH,76 Duchess,L2P/L,1700,2,O-360-A3A,FOCA-7,PISTON-D-1,PISTON-A-1,BE76,L,
174,BE77,PP,PROPELLER,BEECH,77 Skipper,L1P/L,800,1,Rotax 914,FOCA-12,PISTON-D-1,PISTON-A-1,C162,L,
175,BE80,PP,PROPELLER,BEECH,80 Queen Air,L2P/L,4000,2,IO-540-T4A5D,FOCA-3,PISTON-D-2,PISTON-A-1,C414,L,
176,BE88,PP,PROPELLER,BEECH,88 Queen Air,L2P/L,4000,2,IO-540-T4A5D,FOCA-3,PISTON-D-2,PISTON-A-1,C414,L,
177,BE95,PP,PROPELLER,BEECH,95 Travel Air,L2P/L,1800,2,IO-360-A1B6,FOCA-2,PISTON-D-1,PISTON-A-1,BE76,L,
178,BE99,TP,TURBOPROP,BEECH,99 Airliner,L2T/L,4900,2,TurboProp-18,TP-18,TURBOPROP-D-1,TURBOPROP-A-1,BE99,L,
179,BE9L,TP,TURBOPROP,BEECH,90 (A90) King Air,L2T/L,4300,2,TurboProp-19,TP-19,TURBOPROP-D-1,TURBOPROP-A-1,BE9L,L,
180,BE9T,TP,TURBOPROP,BEECH,90 (F90) King Air,L2T/L,4900,2,TurboProp-16,TP-16,TURBOPROP-D-1,TURBOPROP-A-1,F406,L,
181,BELF,TP,TURBOPROP,SHORT,SC-5 Belfast,L4T/M,104300,4,TurboProp-85,TP-85,TURBOPROP-D-6,TURBOPROP-A-1,C130,M,
182,BER2,JR,JET REGIONAL,BERIEV,Be-200 Altair,A2J/M,42000,2,D-436-148 F2,13ZM004,JET-REGIONAL-D-3,JET-REGIONAL-A-1,BER2,M,
183,BK17,H2,HELICOPTER HEAVY,CASA,BK-117,H2T/L,3300,2,TurboProp-13,TP-13,HELIPROF-D-1-STANDARD,HELIPROF-A-1-STANDARD,BE9L,L,
184,BL17,PP,PROPELLER,BELLANCA,17 Super Viking,L1P/L,1400,1,IO-550-B,FOCA-4,PISTON-D-1,PISTON-A-1,TB21,L,
185,BL8,PP,PROPELLER,AMERICAN CHAMPION,CHAMPION 8 Scout,L1P/L,800,1,IO-540-T4A5D,FOCA-3,PISTON-D-1,PISTON-A-1,C182,L,
186,BLCF,JL,JET LARGE,BOEING,747-400LCF Dreamlifter,L4J/H,364000,4,PW4056,1PW042,JET-LARGE-D-6,JET-LARGE-A-1,B77W,H,GTCP 660 (300 HP)
187,BN2P,PP,PROPELLER,AVIONS FAIREY,FAIREY BN-2A Defender,L2P/L,2900,2,O-540-J3C5D,FOCA-8,PISTON-D-1,PISTON-A-1,DA42,L,
188,BN2T,TP,TURBOPROP,BRITTEN-NORMAN,BN-2T Turbine Defender,L2T/L,3200,2,TurboProp-11,TP-11,TURBOPROP-D-1,TURBOPROP-A-1,F406,L,
189,BRAV,PP,PROPELLER,TECNAM,P-2004 Bravo,L1P/L,600,1,Rotax 912S,FOCA-11,PISTON-D-1,PISTON-A-1,C162,L,
190,BSTP,H2,HELICOPTER HEAVY,BELL,214ST SuperTransport,H2T/M,7900,2,TurboProp-52,TP-52,HELIPROF-D-1-STANDARD,HELIPROF-A-1-STANDARD,JS41,M,
191,BT36,PP,PROPELLER,BEECH,A36TC Bonanza,L1P/L,1700,1,IO-550-B,FOCA-4,PISTON-D-1,PISTON-A-1,S22T,L,
192,BW60,PP,PROPELLER,BLACKWING,BW-600,L1P/L,600,1,Rotax 912S,FOCA-11,PISTON-D-1,PISTON-A-1,C162,L,
193,BX2,PP,PROPELLER,BRANDLI,BX-2 Cherry,L1P/L,600,1,Rotax 912,FOCA-10,PISTON-D-1,PISTON-A-1,C162,L,
194,C02T,TP,TURBOPROP,AJI,Turbo Star 402,L2T/L,1700,2,TurboProp-11,TP-11,TURBOPROP-D-1,TURBOPROP-A-1,F406,L,
195,C06T,TP,TURBOPROP,CESSNA,206 (turbine),L1T/L,1600,1,TurboProp-11,TP-11,TURBOPROP-D-1,TURBOPROP-A-1,P750,L,
196,C07T,TP,TURBOPROP,CESSNA,207 (turbine),L1T/L,1700,1,TurboProp-11,TP-11,TURBOPROP-D-1,TURBOPROP-A-1,E500,L,
197,C10T,TP,TURBOPROP,ADVANCED AIRCRAFT,AIRCRAFT Spirit 750,L1T/L,1700,1,TurboProp-12,TP-12,TURBOPROP-D-1,TURBOPROP-A-1,E500,L,
198,C120,PP,PROPELLER,CESSNA,120,L1P/L,600,1,Rotax 912,FOCA-10,PISTON-D-1,PISTON-A-1,EV97,L,
199,C150,PP,PROPELLER,AVIONES COLOMBIA,COLOMBIA 150,L1P/L,700,1,O-200,FOCA-5,PISTON-D-1,PISTON-A-1,MAGC,L,
200,C152,PP,PROPELLER,AVIONES COLOMBIA,COLOMBIA 152,L1P/L,700,1,Rotax 912S,FOCA-11,PISTON-D-1,PISTON-A-1,C162,L,
201,C162,PP,PROPELLER,CESSNA,162 Skycatcher,L1P/L,600,1,O-200,FOCA-5,PISTON-D-1,PISTON-A-1,C162,L,
202,C172,PP,PROPELLER,AVIONES COLOMBIA,COLOMBIA 172,L1P/L,1100,1,Rotax 912S,FOCA-11,PISTON-D-1,PISTON-A-1,C172,L,
203,C175,PP,PROPELLER,CESSNA,175,L1P/L,1000,1,O-360-A3A,FOCA-7,PISTON-D-1,PISTON-A-1,EV97,L,
204,C177,PP,PROPELLER,CESSNA,177,L1P/L,1100,1,O-360-A3A,FOCA-7,PISTON-D-1,PISTON-A-1,C172,L,
205,C180,PP,PROPELLER,CESSNA,180,L1P/L,1200,1,O-540-J3C5D,FOCA-8,PISTON-D-1,PISTON-A-1,C182,L,
206,C182,PP,PROPELLER,AVIONES COLOMBIA,COLOMBIA 182,L1P/L,1400,1,Rotax 912S,FOCA-11,PISTON-D-1,PISTON-A-1,C182,L,
207,C185,PP,PROPELLER,AVIONES COLOMBIA,Super Cyclone,L1P/L,1500,1,IO-550-B,FOCA-4,PISTON-D-1,PISTON-A-1,C182,L,
208,C188,PP,PROPELLER,AVIONES COLOMBIA,COLOMBIA 188,L1P/L,1900,1,TSIO-520-WB,FOCA-16,PISTON-D-1,PISTON-A-1,C188,L,
209,C205,PP,PROPELLER,CESSNA,205,L1P/L,1500,1,IO-540-T4A5D,FOCA-3,PISTON-D-1,PISTON-A-1,C206,L,
210,C206,PP,PROPELLER,AVIONES COLOMBIA,COLOMBIA 206,L1P/L,1600,1,Rotax 912S,FOCA-11,PISTON-D-1,PISTON-A-1,C206,L,
211,C207,PP,PROPELLER,CESSNA,207 Skywagon 207,L1P/L,1600,1,IO-550-B,FOCA-4,PISTON-D-1,PISTON-A-1,C210,L,
212,C208,TP,TURBOPROP,CESSNA,208 Caravan 1,L1T/L,3900,1,TurboProp-14,TP-14,TURBOPROP-D-1,TURBOPROP-A-1,C208,L,
213,C210,PP,PROPELLER,AVIONES COLOMBIA,COLOMBIA 210,L1P/L,1700,1,TSIO-520-WB,FOCA-16,PISTON-D-1,PISTON-A-1,C210,L,
214,C212,TP,TURBOPROP,AIRBUS,C-212,L2T/M,8100,2,TurboProp-95,TP-95,TURBOPROP-D-3,TURBOPROP-A-1,JS32,M,
215,C21T,TP,TURBOPROP,ADVANCED AIRCRAFT,AIRCRAFT Regent 1500,L2T/L,3300,2,TurboProp-16,TP-16,TURBOPROP-D-1,TURBOPROP-A-1,PAY1,L,
216,C240,PP,PROPELLER,CESSNA,T240 Corvalis TTx,L1P/L,1600,1,TSIO-520-WB,FOCA-16,PISTON-D-1,PISTON-A-1,S22T,L,
217,C25A,JB,JET BUSINESS,CESSNA,525A Citation CJ2,L2J/L,5600,2,TFE731-2-2B,1AS001,JET-BUSINESS-D-2,JET-BUSINESS-A-1,C25A,L,
218,C25B,JB,JET BUSINESS,CESSNA,525B Citation CJ3,L2J/L,6200,2,TFE731-2-2B,1AS001,JET-BUSINESS-D-2,JET-BUSINESS-A-1,C25B,L,
219,C25C,JB,JET BUSINESS,CESSNA,525C Citation CJ4,L2J/M,7700,2,TFE731-2-2B,1AS001,JET-BUSINESS-D-2,JET-BUSINESS-A-1,C25C,M,
220,C25M,JB,JET BUSINESS,CESSNA,525 Citation M2,L2J/L,4800,2,TFE731-2-2B,1AS001,JET-BUSINESS-D-1,JET-BUSINESS-A-1,C525,L,
221,C303,PP,PROPELLER,AVIONES COLOMBIA,COLOMBIA T303,L2P/L,2300,2,TSIO-520-WB,FOCA-16,PISTON-D-1,PISTON-A-1,PA31,L,
222,C310,PP,PROPELLER,AVIONES COLOMBIA,COLOMBIA 310,L2P/L,2400,2,TSIO-520-WB,FOCA-16,PISTON-D-1,PISTON-A-1,C310,L,
223,C320,PP,PROPELLER,CESSNA,320 Executive Skyknight,L2P/L,2300,2,IO-540-T4A5D,FOCA-3,PISTON-D-1,PISTON-A-1,C340,L,
224,C335,PP,PROPELLER,CESSNA,335,L2P/L,2700,2,TSIO-520-WB,FOCA-16,PISTON-D-1,PISTON-A-1,C340,L,
225,C336,PP,PROPELLER,CESSNA,336 Skymaster,L2P/L,2000,2,IO-360-A1B6,FOCA-2,PISTON-D-1,PISTON-A-1,BE76,L,
226,C337,PP,PROPELLER,AVIONES COLOMBIA,COLOMBIA 337,L2P/L,2200,2,IO-360-A1B6,FOCA-2,PISTON-D-1,PISTON-A-1,PA34,L,
227,C340,PP,PROPELLER,AVIONES COLOMBIA,COLOMBIA 340,L2P/L,2700,2,TSIO-520-WB,FOCA-16,PISTON-D-1,PISTON-A-1,C340,L,
228,C365,TP,TURBOPROP,EKW,C-3605,L1T/L,3700,1,TurboProp-39,TP-39,TURBOPROP-D-1,TURBOPROP-A-1,TEX2,L,
229,C402,PP,PROPELLER,AVIONES COLOMBIA,COLOMBIA 402,L2P/L,2800,2,TSIO-520-WB,FOCA-16,PISTON-D-1,PISTON-A-1,C402,L,
230,C404,PP,PROPELLER,CESSNA,404 Titan,L2P/L,3800,2,TSIO-520-WB,FOCA-16,PISTON-D-2,PISTON-A-1,PA31,L,
231,C408,TP,TURBOPROP,CESSNA,408 SkyCourier,L2T/M,8600,2,TurboProp-40,TP-40,TURBOPROP-D-3,TURBOPROP-A-1,AN38,M,
232,C411,PP,PROPELLER,CESSNA,411,L2P/L,2900,2,TSIO-520-WB,FOCA-16,PISTON-D-1,PISTON-A-1,PA31,L,
233,C414,PP,PROPELLER,AVIONES COLOMBIA,COLOMBIA 414,L2P/L,3000,2,TSIO-520-WB,FOCA-16,PISTON-D-2,PISTON-A-1,C414,L,
234,C421,PP,PROPELLER,CESSNA,421,L2P/L,3300,2,TSIO-520-WB,FOCA-16,PISTON-D-2,PISTON-A-1,C421,L,
235,C425,TP,TURBOPROP,CESSNA,425 Conquest 1,L2T/L,3900,2,TurboProp-12,TP-12,TURBOPROP-D-1,TURBOPROP-A-1,PAY3,L,
236,C441,TP,TURBOPROP,CESSNA,441 Conquest,L2T/L,4400,2,BIZLIGHTPROP_F,BIZLIGHTPROP_F,TURBOPROP-D-1,TURBOPROP-A-1,PAY3,L,
237,C500,JB,JET BUSINESS,CESSNA,500 Citation,L2J/L,5300,2,JT15D-1 SERIES,1PW035,JET-BUSINESS-D-2,JET-BUSINESS-A-1,C551,L,
238,C501,JB,JET BUSINESS,CESSNA,501 Citation 1SP,L2J/L,6000,2,JT15D-1 SERIES,1PW035,JET-BUSINESS-D-2,JET-BUSINESS-A-1,C551,L,
239,C510,JB,JET BUSINESS,CESSNA,510 Citation Mustang,L2J/L,3900,2,BIZLIGHTJET_F,BIZLIGHTJET_F,JET-BUSINESS-D-1,JET-BUSINESS-A-1,C510,L,
240,C525,JB,JET BUSINESS,CESSNA,525 Citation CJ1,L2J/L,4700,2,TFE731-2-2B,1AS001,JET-BUSINESS-D-1,JET-BUSINESS-A-1,C525,L,
241,C526,JB,JET BUSINESS,CESSNA,Citation 526,L2J/L,3357,2,JT15D-1 SERIES,1PW035,JET-BUSINESS-D-1,JET-BUSINESS-A-1,E50P,L,
242,C550,JB,JET BUSINESS,CESSNA,550 Citation 2,L2J/L,6000,2,BIZLIGHTJET_F,BIZLIGHTJET_F,JET-BUSINESS-D-2,JET-BUSINESS-A-1,C550,L,GTCP 36-150
243,C551,JB,JET BUSINESS,CESSNA,551 Citation 2SP,L2J/L,6800,2,JT15D-4 SERIES,1PW036,JET-BUSINESS-D-2,JET-BUSINESS-A-1,C551,L,
244,C55B,JB,JET BUSINESS,CESSNA,550B Citation Bravo,L2J/L,6800,2,JT15D-4 SERIES,1PW036,JET-BUSINESS-D-2,JET-BUSINESS-A-1,C55B,L,
246,C56X,JB,JET BUSINESS,CESSNA,560XL Citation Excel,L2J/M,9000,2,BIZLIGHTJET_F,BIZLIGHTJET_F,JET-BUSINESS-D-3,JET-BUSINESS-A-1,C56X,M,GTCP 36-150
247,C650,JB,JET BUSINESS,CESSNA,650 Citation 3,L2J/M,9900,2,TFE731-3,1AS002,JET-BUSINESS-D-3,JET-BUSINESS-A-1,C650,M,T-62T-47C1
248,C680,JB,JET BUSINESS,CESSNA,680 Citation Sovereign,L2J/M,13600,2,PW306B,7PW078,JET-BUSINESS-D-4,JET-BUSINESS-A-1,C680,M,T-62T-47C1
249,C68A,JB,JET BUSINESS,CESSNA,680A Citation Latitude,L2J/M,13900,2,PW306B,7PW078,JET-BUSINESS-D-4,JET-BUSINESS-A-1,C680,M,T-62T-47C1
250,C700,JB,JET BUSINESS,CESSNA,700 Citation Longitude,L2J/M,17900,2,AS907-2-1S (HTF7700L),01P18HN013,JET-BUSINESS-D-5,JET-BUSINESS-A-1,HA4T,M,T-62T-47C1
251,C72R,PP,PROPELLER,AVIONES COLOMBIA,COLOMBIA 172RG,L1P/L,1200,1,Rotax 912S,FOCA-11,PISTON-D-1,PISTON-A-1,DA40,L,
252,C750,JB,JET BUSINESS,CESSNA,750 Citation 10,L2J/M,16300,2,AE3007C1,6AL024,JET-BUSINESS-D-5,JET-BUSINESS-A-1,C750,M,T-62T-47C1
253,C77R,PP,PROPELLER,AVIONES COLOMBIA,COLOMBIA 177RG,L1P/L,1200,1,IO-360-A1B6,FOCA-2,PISTON-D-1,PISTON-A-1,P28A,L,
254,C82,PP,PROPELLER,FAIRCHILD,C-82 Packet,L2P/M,24400,2,O-540-J3C5D,FOCA-8,PISTON-D-4,PISTON-A-1,S2P,M,
255,C82R,PP,PROPELLER,AVIONES COLOMBIA,COLOMBIA R182,L1P/L,1400,1,O-540-J3C5D,FOCA-8,PISTON-D-1,PISTON-A-1,C82S,L,
256,C82S,PP,PROPELLER,CESSNA,T182 Turbo Skylane,L1P/L,1400,1,IO-540-T4A5D,FOCA-3,PISTON-D-1,PISTON-A-1,C82S,L,
257,C82T,PP,PROPELLER,CESSNA,TR182 Turbo Skylane RG,L1P/L,1400,1,O-540-J3C5D,FOCA-8,PISTON-D-1,PISTON-A-1,C82S,L,
258,CD2,TP,TURBOPROP,CLAUDIUS DORNIER,DORNIER CD-2 Seastar,A2T/L,4600,2,TurboProp-12,TP-12,TURBOPROP-D-1,TURBOPROP-A-1,L410,L,
259,CE25,PP,PROPELLER,CHERNOV,Che-25,A2P/L,1100,2,Rotax 912S,FOCA-11,PISTON-D-1,PISTON-A-1,P06T,L,
260,CE43,PP,PROPELLER,CERVA,CE-43 Guepard,L1P/L,1400,1,IO-540-T4A5D,FOCA-3,PISTON-D-1,PISTON-A-1,SR22,L,
261,CH20,PP,PROPELLER,HEINTZ,CH-200 Zenith,L1P/L,700,1,O-200,FOCA-5,PISTON-D-1,PISTON-A-1,C162,L,
262,CH30,PP,PROPELLER,ZENAIR,CH-300 Tri-Z,L1P/L,900,1,O-320-E2A,FOCA-6,PISTON-D-1,PISTON-A-1,MAGC,L,
263,CL2T,TP,TURBOPROP,CANADAIR,CL-215T,A2T/M,19800,2,TurboProp-69,TP-69,TURBOPROP-D-5,TURBOPROP-A-1,SH36,M,
264,CL30,JB,JET BUSINESS,BOMBARDIER,BD-100 Challenger 300,L2J/M,17000,2,HTF7000 (AS907-1-1A),11HN003,JET-BUSINESS-D-5,JET-BUSINESS-A-1,CL30,M,T-62T-47C1
265,CL35,JB,JET BUSINESS,BOMBARDIER,BD-100 Challenger 350,L2J/M,18400,2,AS907-2-1A (HTF7350),01P14HN011,JET-BUSINESS-D-5,JET-BUSINESS-A-1,G280,M,T-62T-47C1
266,CL60,JR,JET REGIONAL,CANADAIR,CL-600 Challenger 650,L2J/M,19500,2,CF34-8C1,5GE083,JET-REGIONAL-D-1,JET-REGIONAL-A-1,CL60,M,GTCP 36-100
267,CN35,TP,TURBOPROP,AIRTECH (2),CN-235,L2T/M,16500,2,TurboProp-7,TP-7,TURBOPROP-D-5,TURBOPROP-A-1,AT43,M,
268,COAR,PP,PROPELLER,COBRA,Arrow,L1P/L,700,1,Rotax 912,FOCA-10,PISTON-D-1,PISTON-A-1,C162,L,
269,COL3,PP,PROPELLER,CESSNA,350,L1P/L,1500,1,IO-550-B,FOCA-4,PISTON-D-1,PISTON-A-1,SR22,L,
270,COL4,PP,PROPELLER,CESSNA,400,L1P/L,1500,1,TSIO-520-WB,FOCA-16,PISTON-D-1,PISTON-A-1,S22T,L,
271,COZY,PP,PROPELLER,AEROCAD,AeroCanard,L1P/L,1000,1,Rotax 914,FOCA-12,PISTON-D-1,PISTON-A-1,TB20,L,
272,CP10,PP,PROPELLER,AKROTECH EUROPE,EUROPE CAP-10,L1P/L,800,1,O-360-A3A,FOCA-7,PISTON-D-1,PISTON-A-1,P28R,L,
273,CP21,PP,PROPELLER,MUDRY,CAP-21,L1P/L,600,1,IO-360-A1B6,FOCA-2,PISTON-D-1,PISTON-A-1,C162,L,
274,CP22,PP,PROPELLER,AKROTECH EUROPE,EUROPE CAP-222,L1P/L,500,1,O-540-J3C5D,FOCA-8,PISTON-D-1,PISTON-A-1,E300,L,
275,CR10,PP,PROPELLER,DYN'AERO,CR-100,L1P/L,700,1,O-360-A3A,FOCA-7,PISTON-D-1,PISTON-A-1,P28U,L,
276,CRJ1,JR,JET REGIONAL,CANADAIR,CL-600 Regional Jet CRJ-100,L2J/M,21500,2,CF34-3A1,1GE035,JET-REGIONAL-D-2,JET-REGIONAL-A-1,CRJ1,M,
277,CRJ2,JR,JET REGIONAL,CANADAIR,CL-600 Challenger 800,L2J/M,24000,2,CF34-3B/-3B1,01P05GE189,JET-REGIONAL-D-2,JET-REGIONAL-A-1,CRJ2,M,
278,CRJ7,JR,JET REGIONAL,CANADAIR,CL-600 Regional Jet CRJ-550,L2J/M,34000,2,CF34-8C1,5GE083,JET-REGIONAL-D-2,JET-REGIONAL-A-1,CRJ9,M,
279,CRJ9,JR,JET REGIONAL,CANADAIR,CL-600 Challenger 890,L2J/M,36500,2,CF34-8C5,01P08GE190,JET-REGIONAL-D-2,JET-REGIONAL-A-1,CRJ9,M,
280,CRJX,JR,JET REGIONAL,BOMBARDIER,CL-600 Regional Jet CRJ-1000,L2J/M,41640,2,CF34-8C5A2,01P08GE193,JET-REGIONAL-D-3,JET-REGIONAL-A-1,CRJX,M,GTCP 36-100
281,CRUZ,PP,PROPELLER,CZAW,PS-28 Cruiser,L1P/L,600,1,Rotax 912S,FOCA-11,PISTON-D-1,PISTON-A-1,MAGC,L,
282,CVLP,PP,PROPELLER,CONVAIR,C-131,L2P/M,22500,2,TIO-540-J2B2,FOCA-14,PISTON-D-4,PISTON-A-1,S2P,M,
283,CVLT,TP,TURBOPROP,CANADAIR,CC-109 Cosmopolitan,L2T/M,26300,2,TurboProp-2,TP-2,TURBOPROP-D-6,TURBOPROP-A-1,ATP,M,
284,D140,PP,PROPELLER,JODEL,D-140 Abeille,L1P/L,1200,1,O-360-A3A,FOCA-7,PISTON-D-1,PISTON-A-1,DA40,L,
285,D228,TP,TURBOPROP,DORNIER,228,L2T/L,6400,2,TurboProp-115,TP-115,TURBOPROP-D-2,TURBOPROP-A-1,D228,L,
286,D250,PP,PROPELLER,CENTRE EST,EST DR-200,L1P/L,840,1,Rotax 914,FOCA-12,PISTON-D-1,PISTON-A-1,C162,L,
287,D28D,PP,PROPELLER,DORNIER,128-2 Skyservant,L2P/L,3800,2,TIO-540-J2B2,FOCA-14,PISTON-D-2,PISTON-A-1,B58T,L,
288,D28T,TP,TURBOPROP,DORNIER,128-6 Turbo Skyservant,L2T/L,3600,2,TurboProp-11,TP-11,TURBOPROP-D-1,TURBOPROP-A-1,F406,L,
289,D328,TP,TURBOPROP,DORNIER,328,L2T/M,13600,2,TurboProp-63,TP-63,TURBOPROP-D-4,TURBOPROP-A-1,D328,M,GTCP 36-150
290,DA2,PP,PROPELLER,DAVIS,DA-2,L1P/L,600,1,Rotax 582 DCDI,FOCA-9,PISTON-D-1,PISTON-A-1,MAGC,L,
291,DA40,PP,PROPELLER,DIAMOND,DA-40 Diamond Star,L1P/L,1100,1,O-360-A3A,FOCA-7,PISTON-D-1,PISTON-A-1,DA40,L,
292,DA42,PP,PROPELLER,DIAMOND,DA-42 Twin Star,L2P/L,1600,2,TAE-125-01,FOCA-13,PISTON-D-1,PISTON-A-1,DA42,L,
293,DA50,PP,PROPELLER,DIAMOND,DA-50 SuperStar,L1P/L,1600,1,TIO-540-J2B2,FOCA-14,PISTON-D-1,PISTON-A-1,C182,L,
294,DA62,PP,PROPELLER,DIAMOND,DA-62,L2P/L,2300,2,O-360-A3A,FOCA-7,PISTON-D-1,PISTON-A-1,DA62,L,
295,DC10,JL,JET LARGE,BOEING,MD-10,L3J/H,259400,3,CF6-50C2,3GE074,JET-LARGE-D-5,JET-LARGE-A-1,DC10,H,GTCP 331-250
296,DC3T,TP,TURBOPROP,BASLER,BT-67 Turbo 67,L2T/M,13000,2,TurboProp-38,TP-38,TURBOPROP-D-4,TURBOPROP-A-1,F27,M,
297,DC85,JL,JET LARGE,DOUGLAS,DC-8-50,L4J/H,147400,4,JT3D-3B,1PW001,JET-LARGE-D-2,JET-LARGE-A-1,DC87,H,
298,DC86,JL,JET LARGE,DOUGLAS,DC-8-60,L4J/H,151900,4,JT3D-7 SERIES,1PW003,JET-LARGE-D-3,JET-LARGE-A-1,DC87,H,
299,DC87,JL,JET LARGE,DOUGLAS,DC-8-70,L4J/H,152000,4,CFM56-2-C5,1CM003,JET-LARGE-D-3,JET-LARGE-A-1,DC87,H,
300,DC91,JR,JET REGIONAL,DOUGLAS,DC-9-10,L2J/M,41100,2,JT8D-7 SERIES,8PW085,JET-REGIONAL-D-3,JET-REGIONAL-A-1,B712,M,
301,DC92,JR,JET REGIONAL,DOUGLAS,DC-9-20,L2J/M,45000,2,JT8D-11,1PW008,JET-REGIONAL-D-3,JET-REGIONAL-A-1,DC94,M,
302,DC93,JR,JET REGIONAL,DOUGLAS,DC-9-30,L2J/M,54800,2,JT8D-9 SERIES,1PW007,JET-REGIONAL-D-4,JET-REGIONAL-A-1,DC93,M,
303,DC95,JR,JET REGIONAL,DOUGLAS,DC-9-50,L2J/M,54800,2,JT8D-17A,1PW014,JET-REGIONAL-D-4,JET-REGIONAL-A-1,B712,M,
304,DEFI,PP,PROPELLER,RUTAN,40 Defiant,L2P/L,1400,2,O-320-E2A,FOCA-6,PISTON-D-1,PISTON-A-1,P06T,L,
305,DH2T,TP,TURBOPROP,DE HAVILLAND CANADA,HAVILLAND CANADA DHC-2 Mk3 Turbo Beaver,L1T/L,2400,1,TurboProp-18,TP-18,TURBOPROP-D-1,TURBOPROP-A-1,KODI,L,
306,DH3T,TP,TURBOPROP,DE HAVILLAND CANADA,HAVILLAND CANADA DHC-3 Turbo Otter,L1T/L,3600,1,TurboProp-16,TP-16,TURBOPROP-D-1,TURBOPROP-A-1,TBM7,L,
307,DH8A,TP,TURBOPROP,DE HAVILLAND CANADA,HAVILLAND CANADA CC-142 Dash 8,L2T/M,15600,2,TurboProp-67,TP-67,TURBOPROP-D-5,TURBOPROP-A-1,DH8A,M,
308,DH8B,TP,TURBOPROP,DE HAVILLAND CANADA,HAVILLAND CANADA DHC-8-200 Dash 8,L2T/M,16400,2,TurboProp-71,TP-71,TURBOPROP-D-5,TURBOPROP-A-1,DH8C,M,T-62T-47C1
309,DH8C,TP,TURBOPROP,DE HAVILLAND CANADA,HAVILLAND CANADA DHC-8-300 Dash 8,L2T/M,18600,2,TurboProp-70,TP-70,TURBOPROP-D-5,TURBOPROP-A-1,DH8C,M,T-62T-47C1
310,DH8D,TP,TURBOPROP,DE HAVILLAND CANADA,HAVILLAND CANADA DHC-8-400 Dash 8,L2T/M,28600,2,BIZHEAVYPROP_F,BIZHEAVYPROP_F,TURBOPROP-D-6,TURBOPROP-A-1,DH8D,M,T-62T-47C1
311,DHC2,PP,PROPELLER,AIRTECH,DHC-2-PZL3S Beaver,L1P/L,2300,1,Prop-500hp,FOCA-19,PISTON-D-1,PISTON-A-1,C188,L,
312,DHC3,PP,PROPELLER,AIRTECH,DHC-3-1000 Otter,L1P/L,3600,1,IO-550-B,FOCA-4,PISTON-D-2,PISTON-A-1,C188,L,
313,DHC6,TP,TURBOPROP,DE HAVILLAND CANADA,HAVILLAND CANADA CC-138 Twin Otter,L2T/L,5600,2,BIZLIGHTPROP_F,BIZLIGHTPROP_F,TURBOPROP-D-2,TURBOPROP-A-1,L410,L,
314,DHC7,TP,TURBOPROP,DE HAVILLAND CANADA,HAVILLAND CANADA DHC-7 Dash 7,L4T/M,19900,4,TurboProp-30,TP-30,TURBOPROP-D-5,TURBOPROP-A-1,AN30,M,
315,DIMO,PP,PROPELLER,DIAMOND,HK-36 Eco Dimona,L1P/L,700,1,Rotax 912S,FOCA-11,PISTON-D-1,PISTON-A-1,DIMO,L,
316,DO28,PP,PROPELLER,DORNIER,Do-28A,L2P/L,2400,2,IO-540-T4A5D,FOCA-3,PISTON-D-1,PISTON-A-1,DA62,L,
317,DOVE,PP,PROPELLER,DE HAVILLAND,HAVILLAND DH-104 Dove,L2P/L,4000,2,TIO-540-J2B2,FOCA-14,PISTON-D-2,PISTON-A-1,PA31,L,
318,DR10,PP,PROPELLER,CENTRE EST,EST DR-100 Ambassadeur,L1P/L,700,1,O-200,FOCA-5,PISTON-D-1,PISTON-A-1,MAGC,L,
319,DR22,PP,PROPELLER,CENTRE EST,EST DR-220 2+2,L1P/L,700,1,Rotax 914,FOCA-12,PISTON-D-1,PISTON-A-1,MAGC,L,
320,DR30,PP,PROPELLER,CENTRE EST,EST DR-315 Petit Prince,L1P/L,800,1,O-360-A3A,FOCA-7,PISTON-D-1,PISTON-A-1,C162,L,
321,DT45,TP,TURBOPROP,DIAMOND,TA-20,L1T/L,2300,1,TurboProp-10,TP-10,TURBOPROP-D-1,TURBOPROP-A-1,E500,L,
322,DTA1,PP,PROPELLER,VERHEES,D-1 Delta,L1P/L,300,1,Rotax 582 DCDI,FOCA-9,PISTON-D-1,PISTON-A-1,EV97,L,
323,DV20,PP,PROPELLER,DIAMOND,DA-20 Eclipse,L1P/L,700,1,TAE-125-01,FOCA-13,PISTON-D-1,PISTON-A-1,C172,L,
324,E110,TP,TURBOPROP,EMBRAER,C-95 Bandeirante,L2T/L,5900,2,TurboProp-21,TP-21,TURBOPROP-D-2,TURBOPROP-A-1,D228,L,GTCP 36-150
325,E120,TP,TURBOPROP,EMBRAER,EMB-120 Brasilia,L2T/M,11500,2,TurboProp-60,TP-60,TURBOPROP-D-4,TURBOPROP-A-1,E120,M,GTCP 36-150
326,E121,TP,TURBOPROP,EMBRAER,EC-9 Xingu,L2T/L,5600,2,BIZLIGHTPROP_F,BIZLIGHTPROP_F,TURBOPROP-D-2,TURBOPROP-A-1,MU2,L,GTCP 36-150
327,E135,JB,JET BUSINESS,EMBRAER,ERJ-135,L2J/M,20000,2,AE3007A3,01P06AL034,JET-BUSINESS-D-6,JET-BUSINESS-A-1,E135,M,GTCP 36-150
328,E145,JR,JET REGIONAL,EMBRAER,C-99,L2J/M,21900,2,AE3007A,4AL003,JET-REGIONAL-D-2,JET-REGIONAL-A-1,E145,M,GTCP 36-150
329,E170,JR,JET REGIONAL,EMBRAER,ERJ-170-100,L2J/M,35900,2,CF34-8E5,01P08GE197,JET-REGIONAL-D-2,JET-REGIONAL-A-1,E170,M,GTCP 36-150
330,E190,JR,JET REGIONAL,EMBRAER,ERJ-190 Lineage 1000,L2J/M,47900,2,BIZLIGHTPROP_F,BIZLIGHTPROP_F,JET-REGIONAL-D-3,JET-REGIONAL-A-1,E190,M,GTCP 36-150
331,E195,JR,JET REGIONAL,EMBRAER,195,L2J/M,48700,2,CF34-10E5A1,11GE144,JET-REGIONAL-D-3,JET-REGIONAL-A-1,E195,M,T-62T-27 (100 HP)
332,E290,JM,JET MEDIUM,EMBRAER,ERJ-190-300,L2J/M,56400,2,PW1919G,01P20PW187,JET-MEDIUM-D-3,JET-MEDIUM-A-1,E290,M,T-62T-27 (100 HP)
333,E295,JM,JET MEDIUM,EMBRAER,ERJ-190-400,L2J/M,61500,2,PW1919G,01P20PW187,JET-MEDIUM-D-3,JET-MEDIUM-A-1,B736,M,T-62T-27 (100 HP)
334,E300,PP,PROPELLER,EXTRA,EA-300,L1P/L,900,1,IO-550-B,FOCA-4,PISTON-D-1,PISTON-A-1,E300,L,
335,E314,TP,TURBOPROP,EMBRAER,A-29,L1T/L,3600,1,TurboProp-47,TP-47,TURBOPROP-D-1,TURBOPROP-A-1,TEX2,L,T-62T-27 (100 HP)
336,E35L,JB,JET BUSINESS,EMBRAER,EMB-135BJ Legacy,L2J/M,22000,2,AE3007A3,01P06AL034,JET-BUSINESS-D-6,JET-BUSINESS-A-1,E35L,M,T-62T-27 (100 HP)
337,E400,PP,PROPELLER,EXTRA,EA-400,L1P/L,1900,1,IO-550-B,FOCA-4,PISTON-D-1,PISTON-A-1,PA46,L,
338,E500,TP,TURBOPROP,EXTRA,EA-500,L1T/L,2100,1,TurboProp-11,TP-11,TURBOPROP-D-1,TURBOPROP-A-1,E500,L,
339,E50P,JB,JET BUSINESS,EMBRAER,EMB-500 Phenom 100,L2J/L,4700,2,BIZLIGHTPROP_F,BIZLIGHTPROP_F,JET-BUSINESS-D-1,JET-BUSINESS-A-1,E50P,L,T-62T-27 (100 HP)
340,E530,JB,JET BUSINESS,CESSNA,E530 Scorpion,L2J/M,10000,2,TFE731-2-2B,1AS001,JET-BUSINESS-D-4,JET-BUSINESS-A-1,AJET,M,
341,E545,JB,JET BUSINESS,EMBRAER,EMB-545 Legacy 450,L2J/M,16000,2,AS907-3-1E-A3 (HTF7500E),01P14HN016,JET-BUSINESS-D-5,JET-BUSINESS-A-1,E545,M,T-62T-27 (100 HP)
342,E550,JB,JET BUSINESS,EMBRAER,EMB-550 Legacy 500,L2J/M,21000,2,AS907-3-1E-A3 (HTF7500E),01P14HN016,JET-BUSINESS-D-6,JET-BUSINESS-A-1,E550,M,T-62T-27 (100 HP)
343,E55P,JB,JET BUSINESS,EMBRAER,EMB-505 Phenom 300,L2J/M,7900,2,BIZLIGHTPROP_F,BIZLIGHTPROP_F,JET-BUSINESS-D-2,JET-BUSINESS-A-1,E55P,M,T-62T-27 (100 HP)
344,E737,JS,JET SMALL,BOEING,737-700 Wedgetail,L2J/M,70000,2,CFM56-7B26,8CM051,JET-SMALL-D-4,JET-SMALL-A-1,B738,M,131-9
345,E75L,JM,JET MEDIUM,EMBRAER,175 (long wing),L2J/M,40000,2,CF34-8E5,01P08GE197,JET-MEDIUM-D-2,JET-MEDIUM-A-1,E75L,M,T-62T-27 (100 HP)
346,E75S,JM,JET MEDIUM,EMBRAER,175 (short wing),L2J/M,40000,2,CF34-8E5,01P08GE197,JET-MEDIUM-D-2,JET-MEDIUM-A-1,E75S,M,T-62T-27 (100 HP)
347,EA40,JB,JET BUSINESS,ECLIPSE,Eclipse 400,L1J/L,2000,1,JT15D-1 SERIES,1PW035,JET-BUSINESS-D-1,JET-BUSINESS-A-1,EA50,L,
348,EA50,JS,JET SMALL,ECLIPSE,Eclipse 500,L2J/L,2600,2,BIZLIGHTPROP_F,BIZLIGHTPROP_F,JET-SMALL-D-1,JET-SMALL-A-1,EA50,L,
349,EC20,H1,HELICOPTER LIGHT,EUROCOPTER,HELICOPTERS EC-120 Colibri,H1T/L,1700,1,TurboProp-88,TP-88,HELIPROF-D-1-STANDARD,HELIPROF-A-1-STANDARD,P46T,L,
350,EC25,H2,HELICOPTER HEAVY,EUROCOPTER,HELICOPTERS EC-725 Cougar Mk2+,H2T/M,11200,2,TurboProp-52,TP-52,HELIPROF-D-1-STANDARD,HELIPROF-A-1-STANDARD,JS41,M,
351,EC30,H1,HELICOPTER LIGHT,EUROCOPTER,HELICOPTERS EC-130,H1T/L,2400,1,TurboProp-54,TP-54,HELIPROF-D-1-STANDARD,HELIPROF-A-1-STANDARD,TBM8,L,
352,EC35,H2,HELICOPTER HEAVY,EUROCOPTER,HELICOPTERS EC-135,H2T/L,2700,2,TurboProp-86,TP-86,HELIPROF-D-1-STANDARD,HELIPROF-A-1-STANDARD,BE99,L,
353,EC45,H2,HELICOPTER HEAVY,EUROCOPTER-KAWASAKI,HELICOPTERS-KAWASAKI BK-117C-2,H2T/L,3600,2,TurboProp-51,TP-51,HELIPROF-D-1-STANDARD,HELIPROF-A-1-STANDARD,BE99,L,
354,EC55,H2,HELICOPTER HEAVY,EUROCOPTER,HELICOPTERS EC-155,H2T/L,4800,2,TurboProp-59,TP-59,HELIPROF-D-1-STANDARD,HELIPROF-A-1-STANDARD,BE20,L,
355,EC75,H2,HELICOPTER HEAVY,EUROCOPTER-HARBIN,HELICOPTERS-HARBIN EC-175,H2T/M,7000,2,TurboProp-52,TP-52,HELIPROF-D-1-STANDARD,HELIPROF-A-1-STANDARD,JS41,M,
356,ECHO,PP,PROPELLER,TECNAM,P-92 Eaglet,L1P/L,500,1,Rotax 912S,FOCA-11,PISTON-D-1,PISTON-A-1,C162,L,
357,EDGE,PP,PROPELLER,ZIVKO,Edge 540,L1P/L,700,1,TIO-540-J2B2,FOCA-14,PISTON-D-1,PISTON-A-1,E300,L,
358,EGRT,TP,TURBOPROP,GROB,D-500 Egrett 2,L1T/L,4700,1,TurboProp-108,TP-108,TURBOPROP-D-1,TURBOPROP-A-1,PC12,L,
359,EN28,H1,HELICOPTER LIGHT,ENSTROM,280 Shark,H1P/L,900,1,TSIO-360C,FOCA-15,HELIPROF-D-1-STANDARD,HELIPROF-A-1-STANDARD,P28T,L,
360,EPIC,TP,TURBOPROP,AIR,Epic Dynasty,L1T/L,2800,1,TurboProp-43,TP-43,TURBOPROP-D-1,TURBOPROP-A-1,PAY3,L,
361,ERCO,PP,PROPELLER,AIR PRODUCTS,PRODUCTS F-1 Aircoupe,L1P/L,500,1,Rotax 912,FOCA-10,PISTON-D-1,PISTON-A-1,C162,L,
362,EUPA,PP,PROPELLER,EUROPA,Europa,L1P/L,600,1,Rotax 912S,FOCA-11,PISTON-D-1,PISTON-A-1,C162,L,
363,EV97,PP,PROPELLER,EVEKTOR,EV-97 EuroStar,L1P/L,600,1,Rotax 912S,FOCA-11,PISTON-D-1,PISTON-A-1,EV97,L,
364,EVOP,PP,PROPELLER,LANCAIR,Evolution Piston,L1P/L,2060,1,IO-540-T4A5D,FOCA-3,PISTON-D-1,PISTON-A-1,T210,L,
365,EVOT,TP,TURBOPROP,LANCAIR,Evolution Turbine,L1T/L,2060,1,TurboProp-16,TP-16,TURBOPROP-D-1,TURBOPROP-A-1,TBM7,L,
366,EVSS,PP,PROPELLER,EVEKTOR,SportStar,L1P/L,600,1,Rotax 912S,FOCA-11,PISTON-D-1,PISTON-A-1,MAGC,L,
367,EXPL,H2,HELICOPTER HEAVY,BOEING,MD-902 Explorer,H2T/L,3100,2,TurboProp-89,TP-89,HELIPROF-D-1-STANDARD,HELIPROF-A-1-STANDARD,BE9L,L,
368,EXPR,PP,PROPELLER,EXPRESS,90,L1P/L,1800,1,IO-540-T4A5D,FOCA-3,PISTON-D-1,PISTON-A-1,P28U,L,
369,F100,JR,JET REGIONAL,FOKKER,100,L2J/M,43000,2,TAY 650,3RR031,JET-REGIONAL-D-3,JET-REGIONAL-A-1,F100,M,GTCP 36-150
370,F26T,TP,TURBOPROP,SIAI-MARCHETTI,SF-260T,L1T/L,1200,1,TurboProp-11,TP-11,TURBOPROP-D-1,TURBOPROP-A-1,E500,L,
371,F27,TP,TURBOPROP,CONAIR,F-27 Firefighter,L2T/M,20400,2,TurboProp-9,TP-9,TURBOPROP-D-6,TURBOPROP-A-1,F27,M,GTCP30-54
372,F28,JR,JET REGIONAL,FOKKER,F-28 Fellowship,L2J/M,33100,2,SPEY 555,4RR035,JET-REGIONAL-D-2,JET-REGIONAL-A-1,F28,M,GTCP 36-4A
373,F2TH,JB,JET BUSINESS,DASSAULT,Falcon 2000,L2J/M,15800,2,BIZLIGHTPROP_F,BIZLIGHTPROP_F,JET-BUSINESS-D-5,JET-BUSINESS-A-1,F2TH,M,GTCP 36-150
374,F406,TP,TURBOPROP,CESSNA,F406 Caravan 2,L2T/L,4400,2,TurboProp-12,TP-12,TURBOPROP-D-1,TURBOPROP-A-1,F406,L,
375,F50,TP,TURBOPROP,FOKKER,50,L2T/M,20800,2,TurboProp-75,TP-75,TURBOPROP-D-6,TURBOPROP-A-1,F50,M,GTCP30-54
376,F600,TP,TURBOPROP,SIAI-MARCHETTI,SF-600 Canguro,L2T/L,3800,2,TurboProp-11,TP-11,TURBOPROP-D-1,TURBOPROP-A-1,F406,L,
377,F70,JR,JET REGIONAL,FOKKER,70,L2J/M,41700,2,TAY MK620-15,1RR020,JET-REGIONAL-D-3,JET-REGIONAL-A-1,F70,M,GTCP 36-4A
378,F8L,PP,PROPELLER,AEROMERE,F-8L Falco,L1P/L,1000,1,O-320-E2A,FOCA-6,PISTON-D-1,PISTON-A-1,E300,L,
379,F900,JB,JET BUSINESS,DASSAULT,Falcon 900,L3J/M,20600,3,TFE731-3,1AS002,JET-BUSINESS-D-6,JET-BUSINESS-A-1,F900,M,GTCP 36-150
380,FA10,JB,JET BUSINESS,DASSAULT,Falcon 10,L2J/M,8500,2,TFE731-2-2B,1AS001,JET-BUSINESS-D-3,JET-BUSINESS-A-1,FA10,M,GTCP 36-150
381,FA20,JB,JET BUSINESS,DASSAULT,Falcon 20,L2J/M,13000,2,TFE731-3,1AS002,JET-BUSINESS-D-4,JET-BUSINESS-A-1,FA20,M,GTCP 36-150
382,FA50,JB,JET BUSINESS,DASSAULT,Falcon 50,L3J/M,17600,3,TFE731-3,1AS002,JET-BUSINESS-D-5,JET-BUSINESS-A-1,FA50,M,GTCP 36-150
383,FA5X,JB,JET BUSINESS,DASSAULT,Falcon 5X,L2J/L,31570,2,PW814GA,01P22PW141,JET-BUSINESS-D-6,JET-BUSINESS-A-1,GLF2,L,GTCP 36-150
384,FA6X,JB,JET BUSINESS,DASSAULT,Falcon 6X,L2J/M,35100,2,PW814GA,01P22PW141,JET-BUSINESS-D-6,JET-BUSINESS-A-1,FA7X,M,GTCP 36-150
385,FA7X,JB,JET BUSINESS,DASSAULT,Falcon 7X,L3J/M,28900,3,PW307A,01P16PW143,JET-BUSINESS-D-6,JET-BUSINESS-A-1,FA7X,M,GTCP 36-150
386,FA8X,JB,JET BUSINESS,DASSAULT,Falcon 8X,L3J/M,33100,3,PW307D,01P15PW144,JET-BUSINESS-D-6,JET-BUSINESS-A-1,FA7X,M,GTCP 36-150
387,FAET,PP,PROPELLER,ATEC,321 Faeta,L1P/L,500,1,Rotax 914,FOCA-12,PISTON-D-1,PISTON-A-1,C162,L,
388,FANT,TP,TURBOPROP,RHEIN,Fantrainer,L1T/L,2300,1,TurboProp-19,TP-19,TURBOPROP-D-1,TURBOPROP-A-1,C208,L,
389,FBA2,PP,PROPELLER,FOUND,FBA-2,L1P/L,2000,1,O-540-J3C5D,FOCA-8,PISTON-D-1,PISTON-A-1,C210,L,
390,FDCT,PP,PROPELLER,FLIGHT DESIGN,DESIGN CT,L1P/L,600,1,Rotax 912S,FOCA-11,PISTON-D-1,PISTON-A-1,C162,L,
391,G109,PP,PROPELLER,GROB,G-109,L1P/L,800,1,Rotax 912S,FOCA-11,PISTON-D-1,PISTON-A-1,DIMO,L,
392,G115,PP,PROPELLER,GROB,G-115,L1P/L,900,1,O-360-A3A,FOCA-7,PISTON-D-1,PISTON-A-1,P28U,L,
393,G120,PP,PROPELLER,GROB,G-120,L1P/L,1400,1,IO-540-T4A5D,FOCA-3,PISTON-D-1,PISTON-A-1,BE36,L,
394,G12T,TP,TURBOPROP,GROB,G-120TP,L1T/L,1600,1,TurboProp-11,TP-11,TURBOPROP-D-1,TURBOPROP-A-1,E500,L,
395,G140,TP,TURBOPROP,GROB,G-140TP,L1T/L,1600,1,TurboProp-11,TP-11,TURBOPROP-D-1,TURBOPROP-A-1,E500,L,
396,G150,JB,JET BUSINESS,IAI,AEROSPACE Gulfstream G150,L2J/M,11700,2,TFE731-3,1AS002,JET-BUSINESS-D-4,JET-BUSINESS-A-1,G150,M,GTCP 36-100
397,G159,TP,TURBOPROP,GRUMMAN,G-159 Gulfstream 1,L2T/M,16300,2,TurboProp-9,TP-9,TURBOPROP-D-5,TURBOPROP-A-1,D328,M,
398,G180,PP,PROPELLER,GENERAL AIRCRAFT,AIRCRAFT G1-80 Skyfarer,L1P/L,600,1,Rotax 912,FOCA-10,PISTON-D-1,PISTON-A-1,MAGC,L,
399,G200,PP,PROPELLER,AKROTECH,G-200,L1P/L,600,1,IO-360-A1B6,FOCA-2,PISTON-D-1,PISTON-A-1,E300,L,
400,G21,PP,PROPELLER,GRUMMAN,G-21A Goose,A2P/L,3600,2,Prop-500hp,FOCA-19,PISTON-D-2,PISTON-A-1,BE58,L,
401,G21T,TP,TURBOPROP,MCKINNON,G-21E Turbo Goose,A2T/L,5600,2,BIZLIGHTPROP_F,BIZLIGHTPROP_F,TURBOPROP-D-2,TURBOPROP-A-1,BE20,L,
402,G250,JB,JET BUSINESS,IAI,AEROSPACE Gulfstream G250,L2J/M,18000,2,PW306A,7PW077,JET-BUSINESS-D-5,JET-BUSINESS-A-1,G280,M,GTCP 36-150
403,G280,JB,JET BUSINESS,GULFSTREAM AEROSPACE,AEROSPACE Gulfstream G280,L2J/M,17900,2,AS907-2-1G (HTF7250G),01P11HN012,JET-BUSINESS-D-5,JET-BUSINESS-A-1,G280,M,GTCP 660 (300 HP)
404,G3,PP,PROPELLER,REMOS,G-3 Mirage,L1P/L,500,1,Rotax 912S,FOCA-11,PISTON-D-1,PISTON-A-1,MAGC,L,
405,G73,PP,PROPELLER,GRUMMAN,G-73 Mallard,A2P/L,5700,2,TurboProp-21,TP-21,PISTON-D-3,PISTON-A-1,C421,L,
406,GA20,PP,PROPELLER,GIPPSLAND,GA-200 Fatman,L1P/L,1900,1,IO-540-T4A5D,FOCA-3,PISTON-D-1,PISTON-A-1,C188,L,
407,GA5C,JM,JET MEDIUM,GULFSTREAM AEROSPACE,AEROSPACE G-7 Gulfstream G500,L2J/M,34800,2,PW814GA,01P22PW141,JET-MEDIUM-D-2,JET-MEDIUM-A-1,FA7X,M,GTCP 36 (80HP)
408,GA6C,JM,JET MEDIUM,GULFSTREAM AEROSPACE,AEROSPACE G-7 Gulfstream G600,L2J/M,41500,2,PW815GA,01P22PW142,JET-MEDIUM-D-2,JET-MEDIUM-A-1,GL5T,M,GTCP 36 (80HP)
409,GA7,PP,PROPELLER,GRUMMAN AMERICAN,AMERICAN GA-7 Cougar,L2P/L,1700,2,O-320-E2A,FOCA-6,PISTON-D-1,PISTON-A-1,PA44,L,
410,GA8,PP,PROPELLER,GIPPSLAND,GA-8 Airvan,L1P/L,1900,1,TIO-540-J2B2,FOCA-14,PISTON-D-1,PISTON-A-1,P28U,L,
411,GALX,JB,JET BUSINESS,IAI,AEROSPACE Gulfstream G200,L2J/M,15100,2,PW306A,7PW077,JET-BUSINESS-D-5,JET-BUSINESS-A-1,G280,M,GTCP 36-150
412,GL5T,JL,JET LARGE,BOMBARDIER,BD-700 Global 5000,L2J/M,40000,2,BR700-710A2-20,01P04BR013,JET-LARGE-D-1,JET-LARGE-A-1,GL5T,M,GTCP 85 (200 HP)
413,GL7T,JL,JET LARGE,BOMBARDIER,BD-700 Global 7000,L2J/M,42000,2,BR700-710A2-20,01P04BR013,JET-LARGE-D-1,JET-LARGE-A-1,GLEX,M,GTCP 85 (200 HP)
414,GLAS,PP,PROPELLER,NEW GLASAIR,Glasair,L1P/L,1200,1,IO-360-A1B6,FOCA-2,PISTON-D-1,PISTON-A-1,E300,L,
415,GLEX,JL,JET LARGE,BOMBARDIER,BD-700 Global Express,L2J/M,43500,2,BR700-710A2-20,01P04BR013,JET-LARGE-D-1,JET-LARGE-A-1,GLEX,M,GTCP 85 (200 HP)
416,GLF2,JB,JET BUSINESS,GRUMMAN,C-20J Gulfstream 2SP,L2J/M,29700,2,SPEY MK511,8RR043,JET-BUSINESS-D-6,JET-BUSINESS-A-1,GLF2,M,GTCP 36-150
417,GLF3,JB,JET BUSINESS,GULFSTREAM AEROSPACE,AEROSPACE C-20A Gulfstream 3,L2J/M,31600,2,SPEY MK511,8RR043,JET-BUSINESS-D-6,JET-BUSINESS-A-1,GLF2,M,GTCP 36-100
418,GLF4,JB,JET BUSINESS,GULFSTREAM AEROSPACE,AEROSPACE C-20F Gulfstream 4,L2J/M,33200,2,TAY 611-8C,11RR048,JET-BUSINESS-D-6,JET-BUSINESS-A-1,GLF2,M,GTCP 36-100
419,GLF5,JB,JET BUSINESS,GULFSTREAM AEROSPACE,AEROSPACE C-37 Gulfstream 5,L2J/M,40300,2,BR700-710A1-10,4BR008,JET-BUSINESS-D-6,JET-BUSINESS-A-1,GLF5,M,GTCP 36-100
420,GLF6,JB,JET BUSINESS,GULFSTREAM AEROSPACE,AEROSPACE Gulfstream G650,L2J/M,45200,2,BR700-725A1-12,01P11BR016,JET-BUSINESS-D-6,JET-BUSINESS-A-1,GLEX,M,GTCP 36-300 (80HP)
421,GLSP,PP,PROPELLER,NEW GLASTAR,GLASTAR Sportsman 2+2,L1P/L,1100,1,O-320-E2A,FOCA-6,PISTON-D-1,PISTON-A-1,P28U,L,
422,GLST,PP,PROPELLER,NEW GLASTAR,GlaStar,L1P/L,1000,1,O-320-E2A,FOCA-6,PISTON-D-1,PISTON-A-1,P28U,L,
423,GM17,TP,TURBOPROP,INTRACOM,GM-17 Viper,L1T/L,3300,1,TurboProp-14,TP-14,TURBOPROP-D-1,TURBOPROP-A-1,KODI,L,
424,GOLF,PP,PROPELLER,TECNAM,P-96 Golf,L1P/L,600,1,Rotax 912S,FOCA-11,PISTON-D-1,PISTON-A-1,C162,L,
425,GP4,PP,PROPELLER,OSPREY,GP-4,L1P/L,900,1,IO-360-A1B6,FOCA-2,PISTON-D-1,PISTON-A-1,TB20,L,
426,GSPN,JB,JET BUSINESS,GROB,G-180 SPn Utility Jet,L2J/L,6300,2,TFE731-2-2B,1AS001,JET-BUSINESS-D-2,JET-BUSINESS-A-1,C550,L,
427,GX,PP,PROPELLER,REMOS,GX,L1P/L,600,1,Rotax 912S,FOCA-11,PISTON-D-1,PISTON-A-1,C162,L,
428,GY80,PP,PROPELLER,GARDAN,GY-80 Horizon,L1P/L,1100,1,O-360-A3A,FOCA-7,PISTON-D-1,PISTON-A-1,C162,L,
429,H2,H2,HELICOPTER HEAVY,KAMAN,K-20 Seasprite,H2T/L,5800,2,TurboProp-52,TP-52,HELIPROF-D-1-STANDARD,HELIPROF-A-1-STANDARD,JS41,L,
430,H25A,JB,JET BUSINESS,HAWKER SIDDELEY,SIDDELEY HS-125-1,L2J/M,10200,2,TFE731-3,1AS002,JET-BUSINESS-D-4,JET-BUSINESS-A-1,H25A,M,GTCP 36-150
431,H25B,JB,JET BUSINESS,BRITISH AEROSPACE,AEROSPACE BAe-125-700,L2J/M,11200,2,TFE731-3,1AS002,JET-BUSINESS-D-4,JET-BUSINESS-A-1,H25B,M,
432,H25C,JB,JET BUSINESS,BRITISH AEROSPACE,AEROSPACE BAe-125-1000,L2J/M,14000,2,BIZLIGHTPROP_F,BIZLIGHTPROP_F,JET-BUSINESS-D-4,JET-BUSINESS-A-1,G150,M,
433,H269,H1,HELICOPTER LIGHT,BREDANARDI,NH-300,H1P/L,900,1,IO-360-A1B6,FOCA-2,HELIPROF-D-1-STANDARD,HELIPROF-A-1-STANDARD,P28U,L,
434,H500,H1,HELICOPTER LIGHT,AGUSTA,NH-500,H1T/L,1700,1,TurboProp-87,TP-87,HELIPROF-D-1-STANDARD,HELIPROF-A-1-STANDARD,E500,L,
435,HA4T,JB,JET BUSINESS,HAWKER BEECHCRAFT,BEECHCRAFT 4000 Hawker 4000,L2J/M,16300,2,PW308A,01P07PW145,JET-BUSINESS-D-5,JET-BUSINESS-A-1,HA4T,M,
436,HDJT,JB,JET BUSINESS,HONDA,HA-420 HondaJet,L2J/L,4100,2,TFE731-2-2B,1AS001,JET-BUSINESS-D-1,JET-BUSINESS-A-1,HDJT,L,
437,HERN,PP,PROPELLER,DE HAVILLAND,HAVILLAND DH-114 Heron,L4P/L,6100,4,IO-540-T4A5D,FOCA-3,PISTON-D-3,PISTON-A-1,DA42,L,
438,HR20,PP,PROPELLER,ROBIN,HR-200,L1P/L,700,1,Rotax 914,FOCA-12,PISTON-D-1,PISTON-A-1,MAGC,L,
439,HU2,PP,PROPELLER,SHENYANG SAILPLANE,SAILPLANE HU-2 Petrel,L1P/L,800,1,Rotax 912,FOCA-10,PISTON-D-1,PISTON-A-1,DIMO,L,
440,HUCO,H1,HELICOPTER LIGHT,BELL,209 HueyCobra,H1T/L,4500,1,TurboProp-52,TP-52,HELIPROF-D-1-STANDARD,HELIPROF-A-1-STANDARD,TBM8,L,
441,HUSK,PP,PROPELLER,AVIAT,A-1 Husky,L1P/L,900,1,O-360-A3A,FOCA-7,PISTON-D-1,PISTON-A-1,C82S,L,
442,I114,TP,TURBOPROP,ILYUSHIN,Il-114,L2T/M,23500,2,TurboProp-75,TP-75,TURBOPROP-D-6,TURBOPROP-A-1,F50,M,
443,I23,PP,PROPELLER,INSTYTUT LOTNICTWA,LOTNICTWA I-23 Manager,L1P/L,1000,1,O-360-A3A,FOCA-7,PISTON-D-1,PISTON-A-1,DA40,L,
444,IL14,PP,PROPELLER,AVIA,Av-14,L2P/M,17500,2,TIO-540-J2B2,FOCA-14,PISTON-D-4,PISTON-A-1,B58T,M,
445,IL18,TP,TURBOPROP,ILYUSHIN,Il-18,L4T/M,64000,4,TurboProp-5,TP-5,TURBOPROP-D-6,TURBOPROP-A-1,C130,M,GTCP 660 (300 HP)
446,IL62,JL,JET LARGE,ILYUSHIN,Il-62,L4J/H,165000,4,D-30KU,1AA003,JET-LARGE-D-3,JET-LARGE-A-1,A30B,H,GTCP 660 (300 HP)
447,IL76,JL,JET LARGE,ILYUSHIN,Il-76,L4J/H,170000,4,D-30KP-2,1AA002,JET-LARGE-D-3,JET-LARGE-A-1,IL76,H,GTCP 660 (300 HP)
448,IL86,JL,JET LARGE,ILYUSHIN,Il-86,L4J/H,208000,4,NK-86,1KK003,JET-LARGE-D-4,JET-LARGE-A-1,IL86,H,GTCP 660 (300 HP)
449,IL96,JL,JET LARGE,ILYUSHIN,Il-96,L4J/H,216000,4,PS-90A,13AA006,JET-LARGE-D-4,JET-LARGE-A-1,IL96,H,GTCP 331-350
450,IMPU,PP,PROPELLER,IMPULSE,Impulse,L1P/L,500,1,Rotax 912,FOCA-10,PISTON-D-1,PISTON-A-1,E300,L,
451,IR23,PP,PROPELLER,ICA,IAR-823,L1P/L,1200,1,IO-540-T4A5D,FOCA-3,PISTON-D-1,PISTON-A-1,SR20,L,
452,J328,JB,JET BUSINESS,328 SUPPORT SERVICES,SUPPORT SERVICES Dornier 328JET,L2J/M,15600,2,PW306B,7PW078,JET-BUSINESS-D-5,JET-BUSINESS-A-1,E135,M,GTCP 36-150
453,JAB4,PP,PROPELLER,JABIRU,Jabiru J200,L1P/L,700,1,Rotax 914,FOCA-12,PISTON-D-1,PISTON-A-1,C162,L,
454,JABI,PP,PROPELLER,JABIRU,Jabiru LSA,L1P/L,500,1,Rotax 914,FOCA-12,PISTON-D-1,PISTON-A-1,EV97,L,
455,JCOM,JB,JET BUSINESS,AERO COMMANDER,COMMANDER 1121 Jet Commander,L2J/M,7200,2,TFE731-3,1AS002,JET-BUSINESS-D-2,JET-BUSINESS-A-1,H25A,M,
456,JS1,TP,TURBOPROP,BAE,Jetstream 1,L2T/L,5670,2,TurboProp-101,TP-101,TURBOPROP-D-2,TURBOPROP-A-1,D228,L,
457,JS31,TP,TURBOPROP,BRITISH AEROSPACE,AEROSPACE BAe-3100 Jetstream 31,L2T/L/M,6900,2,TurboProp-102,TP-102,TURBOPROP-D-2,TURBOPROP-A-1,JS32,L/M,
458,JS32,TP,TURBOPROP,BRITISH AEROSPACE,AEROSPACE BAe-3200 Jetstream Super 31,L2T/M,7300,2,TurboProp-106,TP-106,TURBOPROP-D-2,TURBOPROP-A-1,JS32,M,
459,JS41,TP,TURBOPROP,AI(R),BAe-4100 Jetstream 41,L2T/M,10800,2,TurboProp-109,TP-109,TURBOPROP-D-4,TURBOPROP-A-1,JS41,M,
460,K100,TP,TURBOPROP,QUEST,Kodiak 100,L1T/L,3200,1,TurboProp-21,TP-21,TURBOPROP-D-1,TURBOPROP-A-1,KODI,L,
461,KA27,H2,HELICOPTER HEAVY,KAMOV,Ka-27,H2T/M,12600,2,TurboProp-52,TP-52,HELIPROF-D-1-STANDARD,HELIPROF-A-1-STANDARD,JS41,M,
462,KA52,H2,HELICOPTER HEAVY,KAMOV,Ka-52 Alligator,H2T/M,10500,2,TurboProp-52,TP-52,HELIPROF-D-1-STANDARD,HELIPROF-A-1-STANDARD,JS41,M,
463,KC2,JM,JET MEDIUM,KAWASAKI,XC-2,L2J/H,120100,2,CF34-8C5A2,01P08GE193,JET-MEDIUM-D-5,JET-MEDIUM-A-1,B703,H,
464,KEST,TP,TURBOPROP,FARNBOROUGH,F-1 Kestrel,L1T/L,3700,1,TurboProp-109,TP-109,TURBOPROP-D-1,TURBOPROP-A-1,TBM9,L,
465,KP2,PP,PROPELLER,JIHLAVAN,KP-2 Rapid 200,L1P/L,500,1,Rotax 912,FOCA-10,PISTON-D-1,PISTON-A-1,C162,L,
466,KR30,PP,PROPELLER,EKOLOT,KR-030 Topaz,L1P/L,500,1,Rotax 912,FOCA-10,PISTON-D-1,PISTON-A-1,EV97,L,
467,L101,JL,JET LARGE,LOCKHEED,L-1011 TriStar,L3J/H,211000,3,RB211-524B SERIES,1RR005,JET-LARGE-D-4,JET-LARGE-A-1,L101,H,GTCP 331-250
468,L188,TP,TURBOPROP,LOCKHEED,L-188 Electra,L4T/M,52600,4,TurboProp-2,TP-2,TURBOPROP-D-6,TURBOPROP-A-1,C160,M,
469,L29,JB,JET BUSINESS,AERO,L-29 Delfin,L1J/L,3500,1,JT15D-1 SERIES,1PW035,JET-BUSINESS-D-1,JET-BUSINESS-A-1,L39,L,
470,L29A,JR,JET REGIONAL,LOCKHEED,L-1329 Jetstar 6,L4J/M,18500,4,TFE731-3,1AS002,JET-REGIONAL-D-1,JET-REGIONAL-A-1,CL60,M,GTCP 36-4A
471,L29B,JR,JET REGIONAL,LOCKHEED,L-1329 Jetstar 2,L4J/M,19800,4,TFE731-3,1AS002,JET-REGIONAL-D-1,JET-REGIONAL-A-1,CL60,M,
472,L410,TP,TURBOPROP,LET,INDUSTRIES L-410 Turbolet,L2T/L,6400,2,TurboProp-94,TP-94,TURBOPROP-D-2,TURBOPROP-A-1,L410,L,
473,L8,PP,PROPELLER,LUSCOMBE,8,L1P/L,600,1,Rotax 912S,FOCA-11,PISTON-D-1,PISTON-A-1,EV97,L,
474,LA25,PP,PROPELLER,LAKE,LA-250 Renegade,A1P/L,1300,1,IO-540-T4A5D,FOCA-3,PISTON-D-1,PISTON-A-1,C172,L,
475,LA4,PP,PROPELLER,LAKE,LA-4,A1P/L,1200,1,IO-360-A1B6,FOCA-2,PISTON-D-1,PISTON-A-1,C172,L,
476,LEG2,PP,PROPELLER,LANCAIR,Legacy,L1P/L,1000,1,IO-550-B,FOCA-4,PISTON-D-1,PISTON-A-1,BE36,L,
477,LGEZ,PP,PROPELLER,RUTAN,61 Long-EZ,L1P/L,600,1,Rotax 914,FOCA-12,PISTON-D-1,PISTON-A-1,C162,L,
479,LJ24,JB,JET BUSINESS,GATES LEARJET,LEARJET 24,L2J/L,6100,2,TFE731-3,1AS002,JET-BUSINESS-D-2,JET-BUSINESS-A-1,LJ25,L,
480,LJ25,JB,JET BUSINESS,GATES LEARJET,LEARJET 25,L2J/L,6800,2,TFE731-3,1AS002,JET-BUSINESS-D-2,JET-BUSINESS-A-1,LJ25,L,
481,LJ31,JB,JET BUSINESS,GATES LEARJET,LEARJET 31,L2J/M,7400,2,TFE731-2-2B,1AS001,JET-BUSINESS-D-2,JET-BUSINESS-A-1,LJ45,M,
482,LJ35,JB,JET BUSINESS,GATES LEARJET,LEARJET 35,L2J/M,8300,2,TFE731-2-2B,1AS001,JET-BUSINESS-D-3,JET-BUSINESS-A-1,LJ35,M,
483,LJ40,JB,JET BUSINESS,LEARJET,LEARJET 40,L2J/M,9200,2,TFE731-3,1AS002,JET-BUSINESS-D-3,JET-BUSINESS-A-1,LJ45,M,
484,LJ45,JB,JET BUSINESS,LEARJET,LEARJET 45,L2J/M,9100,2,TFE731-3,1AS002,JET-BUSINESS-D-3,JET-BUSINESS-A-1,LJ45,M,
485,LJ55,JB,JET BUSINESS,GATES LEARJET,LEARJET 55,L2J/M,9700,2,TFE731-3,1AS002,JET-BUSINESS-D-3,JET-BUSINESS-A-1,LJ60,M,T-62T-47C1
486,LJ60,JB,JET BUSINESS,LEARJET,LEARJET 60,L2J/M,10600,2,BIZLIGHTPROP_F,BIZLIGHTPROP_F,JET-BUSINESS-D-4,JET-BUSINESS-A-1,LJ60,M,
487,LJ70,JB,JET BUSINESS,LEARJET,LEARJET 70,L2J/M,9500,2,TFE731-3,1AS002,JET-BUSINESS-D-3,JET-BUSINESS-A-1,C650,M,
488,LJ75,JB,JET BUSINESS,LEARJET,LEARJET 75,L2J/M,9700,2,TFE731-3,1AS002,JET-BUSINESS-D-3,JET-BUSINESS-A-1,C650,M,
489,LNC2,PP,PROPELLER,LANCAIR,Lancair 200,L1P/L,800,1,IO-360-A1B6,FOCA-2,PISTON-D-1,PISTON-A-1,TB20,L,
490,LNC4,PP,PROPELLER,LANCAIR,Lancair 4,L1P/L,1400,1,TIO-540-J2B2,FOCA-14,PISTON-D-1,PISTON-A-1,M20T,L,
491,LNCE,PP,PROPELLER,LANCAIR,Lancair ES,L1P/L,1500,1,IO-550-B,FOCA-4,PISTON-D-1,PISTON-A-1,SR22,L,
492,LNP4,TP,TURBOPROP,LANCAIR,Lancair PropJet 4,L1T/L,1700,1,TurboProp-16,TP-16,TURBOPROP-D-1,TURBOPROP-A-1,TBM7,L,
493,M18,PP,PROPELLER,AII,AVA-303,L1P/L,4200,1,TSIO-520-WB,FOCA-16,PISTON-D-2,PISTON-A-1,T206,L,
494,M2,PP,PROPELLER,KUBICEK,M-2 Scout,L1P/L,600,1,Rotax 912S,FOCA-11,PISTON-D-1,PISTON-A-1,C162,L,
495,M200,PP,PROPELLER,AERO COMMANDER,COMMANDER 200 Commander 200,L1P/L,2000,1,TSIO-520-WB,FOCA-16,PISTON-D-1,PISTON-A-1,BE36,L,
496,M20P,PP,PROPELLER,AEROSTAR,200,L1P/L,1200,1,Prop-300hp,FOCA-18,PISTON-D-1,PISTON-A-1,M20P,L,
497,M20T,PP,PROPELLER,MOONEY,M-20K 231,L1P/L,1500,1,IO-540-T4A5D,FOCA-3,PISTON-D-1,PISTON-A-1,M20T,L,
498,M212,PP,PROPELLER,LAMBERT,M-212 Mission,L1P/L,900,1,O-360-A3A,FOCA-7,PISTON-D-1,PISTON-A-1,P28U,L,
499,M22,PP,PROPELLER,MOONEY,M-22,L1P/L,1500,1,TSIO-520-WB,FOCA-16,PISTON-D-1,PISTON-A-1,M20P,L,
500,M26,PP,PROPELLER,PZL-MIELEC,M-26 Air Wolf,L1P/L,1400,1,IO-550-B,FOCA-4,PISTON-D-1,PISTON-A-1,TB20,L,
501,M346,JM,JET MEDIUM,ALENIA AERMACCHI,M-346 Master,L2J/M,9500,2,PW306A,7PW077,JET-MEDIUM-D-1,JET-MEDIUM-A-1,HAWK,M,
502,M5,PP,PROPELLER,MAULE,M-5,L1P/L,1000,1,O-540-J3C5D,FOCA-8,PISTON-D-1,PISTON-A-1,TB21,L,
503,M55,JM,JET MEDIUM,MYASISHCHEV,M-55 Geophysica,L2J/M,20000,2,JT8D-217,4PW068,JET-MEDIUM-D-2,JET-MEDIUM-A-1,U2_,M,
504,M6,PP,PROPELLER,MAULE,M-6 Super Rocket,L1P/L,1000,1,O-540-J3C5D,FOCA-8,PISTON-D-1,PISTON-A-1,C82S,L,
505,M7,PP,PROPELLER,MAULE,M-7-235 Orion,L1P/L,1200,1,O-540-J3C5D,FOCA-8,PISTON-D-1,PISTON-A-1,TB20,L,
506,M7T,TP,TURBOPROP,MAULE,M-7-420,L1T/L,1300,1,TurboProp-11,TP-11,TURBOPROP-D-1,TURBOPROP-A-1,E500,L,
507,M8,PP,PROPELLER,MAULE,M-8,L1P/L,2000,1,O-540-J3C5D,FOCA-8,PISTON-D-1,PISTON-A-1,P28U,L,
508,MA60,TP,TURBOPROP,XIAN,MA-60,L2T/M,21800,2,TurboProp-83,TP-83,TURBOPROP-D-6,TURBOPROP-A-1,F27,M,
509,MCR1,PP,PROPELLER,COLOMBAN,MC-100 Ban-Bi,L1P/L,500,1,Rotax 582 DCDI,FOCA-9,PISTON-D-1,PISTON-A-1,FLCO,L,
510,MCR4,PP,PROPELLER,DYN'AERO,Lafayette 4 Revolution,L1P/L,700,1,Rotax 914,FOCA-12,PISTON-D-1,PISTON-A-1,C162,L,
511,MD11,JL,JET LARGE,BOEING,MD-11,L3J/H,273200,3,CF6-80C2D1F,2GE049,JET-LARGE-D-5,JET-LARGE-A-1,MD11,H,GTCP331-200ER (143 HP)
512,MD52,H1,HELICOPTER LIGHT,BOEING,MD-520N,H1T/L,1700,1,TurboProp-87,TP-87,HELIPROF-D-1-STANDARD,HELIPROF-A-1-STANDARD,E500,L,
513,MD81,JS,JET SMALL,BOEING,MD-81,L2J/M,67800,2,JT8D-217C,4PW070,JET-SMALL-D-3,JET-SMALL-A-1,MD82,M,GTCP85-98 (200 HP)
514,MD82,JS,JET SMALL,BOEING,MD-82,L2J/M,67800,2,JT8D-217C,4PW070,JET-SMALL-D-3,JET-SMALL-A-1,MD82,M,GTCP85-98 (200 HP)
515,MD83,JS,JET SMALL,BOEING,MD-83,L2J/M,72500,2,JT8D-219,4PW071,JET-SMALL-D-4,JET-SMALL-A-1,MD83,M,GTCP85-98 (200 HP)
516,MD87,JS,JET SMALL,BOEING,MD-87,L2J/M,72500,2,JT8D-217C,4PW070,JET-SMALL-D-4,JET-SMALL-A-1,MD82,M,GTCP85-98 (200 HP)
517,MD88,JS,JET SMALL,BOEING,MD-88,L2J/M,67800,2,JT8D-217C,4PW070,JET-SMALL-D-3,JET-SMALL-A-1,MD82,M,GTCP85-98 (200 HP)
518,MD90,JS,JET SMALL,BOEING,MD-90,L2J/M,78200,2,V2525-D5,1IA002,JET-SMALL-D-4,JET-SMALL-A-1,MD83,M,131-9
519,MI14,H2,HELICOPTER HEAVY,MIL,Mi-14,H2T/M,14000,2,TurboProp-52,TP-52,HELIPROF-D-1-STANDARD,HELIPROF-A-1-STANDARD,JS41,M,
520,MI2,H2,HELICOPTER HEAVY,MIL,Mi-2,H2T/L,3500,2,TurboProp-51,TP-51,HELIPROF-D-1-STANDARD,HELIPROF-A-1-STANDARD,BE99,L,
521,MI26,H2,HELICOPTER HEAVY,MIL,Mi-26,H2T/M,56000,2,TurboProp-52,TP-52,HELIPROF-D-1-STANDARD,HELIPROF-A-1-STANDARD,JS41,M,
522,MI28,H2,HELICOPTER HEAVY,MIL,Mi-28,H2T/M,10700,2,TurboProp-52,TP-52,HELIPROF-D-1-STANDARD,HELIPROF-A-1-STANDARD,JS41,M,
523,MI8,H2,HELICOPTER HEAVY,MIL,Mi-8,H2T/M,13000,2,TurboProp-52,TP-52,HELIPROF-D-1-STANDARD,HELIPROF-A-1-STANDARD,JS41,M,
524,MOR2,PP,PROPELLER,MORRISEY,2000 Nifty,L1P/L,900,1,O-320-E2A,FOCA-6,PISTON-D-1,PISTON-A-1,T206,L,
525,MP20,PP,PROPELLER,PLAN,MP-205 Busard,L1P/L,500,1,Rotax 912S,FOCA-11,PISTON-D-1,PISTON-A-1,EV97,L,
526,MRJ9,JM,JET MEDIUM,MITSUBISHI,MRJ-90,L2J/L,42800,2,PW1217G,01P22PW169,JET-MEDIUM-D-2,JET-MEDIUM-A-1,A148,L,
527,MS30,PP,PROPELLER,SOCATA,MS-300 Epsilon 2,L1P/L,1250,1,IO-550-B,FOCA-4,PISTON-D-1,PISTON-A-1,TB20,L,
528,MU2,TP,TURBOPROP,MITSUBISHI,LR-1,L2T/L,4700,2,TurboProp-115,TP-115,TURBOPROP-D-1,TURBOPROP-A-1,MU2,L,
529,MU30,JB,JET BUSINESS,MITSUBISHI,MU-300 Diamond,L2J/M,7300,2,JT15D-4 SERIES,1PW036,JET-BUSINESS-D-2,JET-BUSINESS-A-1,BE40,M,
530,N262,TP,TURBOPROP,AEROSPATIALE,Mohawk 298,L2T/M,10800,2,TurboProp-7,TP-7,TURBOPROP-D-4,TURBOPROP-A-1,JS41,M,
531,NG5,PP,PROPELLER,BRM AERO,AERO Bristell NG-5,L1P/L,700,1,Rotax 912S,FOCA-11,PISTON-D-1,PISTON-A-1,C162,L,
532,NH90,H2,HELICOPTER HEAVY,NHI,AEROSPACE MRH-90,H2T/M,9100,2,TurboProp-52,TP-52,HELIPROF-D-1-STANDARD,HELIPROF-A-1-STANDARD,JS41,M,
533,NOMA,TP,TURBOPROP,GAF,N-2 Nomad,L2T/L,4200,2,TurboProp-11,TP-11,TURBOPROP-D-1,TURBOPROP-A-1,BE99,L,
534,OSCR,PP,PROPELLER,AFIC,RSA-200 Falcon,L1P/L,1000,1,Rotax 912S,FOCA-11,PISTON-D-1,PISTON-A-1,C172,L,
535,P06T,PP,PROPELLER,TECNAM,P-2006T,L2P/L,1200,2,Rotax 912S,FOCA-11,PISTON-D-1,PISTON-A-1,P06T,L,
536,P100,PP,PROPELLER,POTTIER,P-100,L1P/L,700,1,O-200,FOCA-5,PISTON-D-1,PISTON-A-1,MAGC,L,
537,P180,TP,TURBOPROP,PIAGGIO,P-180 Avanti,L2T/L,5200,2,TurboProp-41,TP-41,TURBOPROP-D-2,TURBOPROP-A-1,P180,L,
538,P208,PP,PROPELLER,TECNAM,P-2008,L1P/L,600,1,Rotax 912S,FOCA-11,PISTON-D-1,PISTON-A-1,C162,L,
539,P210,PP,PROPELLER,AVIONES COLOMBIA,COLOMBIA P210,L1P/L,1800,1,TSIO-520-WB,FOCA-16,PISTON-D-1,PISTON-A-1,PA46,L,
540,P212,PP,PROPELLER,TECNAM,P-2012 Traveller,L2P/L,3400,2,TIO-540-J2B2,FOCA-14,PISTON-D-2,PISTON-A-1,C421,L,
541,P28A,PP,PROPELLER,AICSA,PA-28-140 Cherokee,L1P/L,1000,1,Prop-300hp,FOCA-18,PISTON-D-1,PISTON-A-1,P28A,L,
542,P28B,PP,PROPELLER,AICSA,PA-28-201T Turbo Dakota,L1P/L,2000,1,O-540-J3C5D,FOCA-8,PISTON-D-1,PISTON-A-1,C182,L,
543,P28R,PP,PROPELLER,PIPER,PA-28R-180 Cherokee Arrow,L1P/L,1300,1,Prop-300hp,FOCA-18,PISTON-D-1,PISTON-A-1,P28R,L,
544,P28S,PP,PROPELLER,PIPER,PA-28R-201T Turbo Arrow 3,L1P/L,1300,1,IO-360-A1B6,FOCA-2,PISTON-D-1,PISTON-A-1,P28U,L,
545,P28T,PP,PROPELLER,CHINCUL,PA-A-28RT-201 Arrow 4,L1P/L,1200,1,Rotax 912S,FOCA-11,PISTON-D-1,PISTON-A-1,P28T,L,
546,P28U,PP,PROPELLER,PIPER,PA-28RT-201T Turbo Arrow 4,L1P/L,1200,1,IO-360-A1B6,FOCA-2,PISTON-D-1,PISTON-A-1,P28U,L,
547,P3,TP,TURBOPROP,KAWASAKI,EP-3 Orion,L4T/M,61200,4,TurboProp-92,TP-92,TURBOPROP-D-6,TURBOPROP-A-1,AN12,M,
548,P32R,PP,PROPELLER,AICSA,PA-32R-300 Lance,L1P/L,1600,1,IO-550-B,FOCA-4,PISTON-D-1,PISTON-A-1,TB20,L,
549,P32T,PP,PROPELLER,AICSA,PA-32RT Turbo Lance 2,L1P/L,2000,1,TSIO-520-WB,FOCA-16,PISTON-D-1,PISTON-A-1,TB20,L,
550,P337,PP,PROPELLER,CESSNA,P337 Pressurized Skymaster,L2P/L,2300,2,TSIO-360C,FOCA-15,PISTON-D-1,PISTON-A-1,BE76,L,
551,P46T,TP,TURBOPROP,JETPROP,DLX,L1T/L,2200,1,TurboProp-25,TP-25,TURBOPROP-D-1,TURBOPROP-A-1,P46T,L,
552,P60,PP,PROPELLER,POTTIER,P-60 Minacro,L1P/L,500,1,Rotax 912S,FOCA-11,PISTON-D-1,PISTON-A-1,MAGC,L,
553,P66P,PP,PROPELLER,PIAGGIO,P-166,L2P/L,4100,2,Rotax 912S,FOCA-11,PISTON-D-2,PISTON-A-1,C414,L,
554,P68,PP,PROPELLER,PARTENAVIA,P-68,L2P/L,1900,2,IO-360-A1B6,FOCA-2,PISTON-D-1,PISTON-A-1,BE76,L,
555,P68T,TP,TURBOPROP,PARTENAVIA,AP-68TP-300 Spartacus,L2T/L,4300,2,TurboProp-11,TP-11,TURBOPROP-D-1,TURBOPROP-A-1,BE9L,L,
556,P750,TP,TURBOPROP,PACIFIC AEROSPACE,AEROSPACE 750XL,L1T/L,3400,1,TurboProp-21,TP-21,TURBOPROP-D-1,TURBOPROP-A-1,P750,L,
557,P8,JM,JET MEDIUM,BOEING,P-8 Poseidon,L2J/M,86400,2,CFM56-7B27E,01P11CM121,JET-MEDIUM-D-4,JET-MEDIUM-A-1,B738,M,
559,PA11,PP,PROPELLER,AMERICAN LEGEND,LEGEND AL-11C Legend Cub Special,L1P/L,600,1,O-200,FOCA-5,PISTON-D-1,PISTON-A-1,MAGC,L,
560,PA12,PP,PROPELLER,PIPER,PA-12 Super Cruiser,L1P/L,800,1,O-200,FOCA-5,PISTON-D-1,PISTON-A-1,P28A,L,
561,PA14,PP,PROPELLER,PIPER,PA-14 Family Cruiser,L1P/L,800,1,Rotax 914,FOCA-12,PISTON-D-1,PISTON-A-1,MAGC,L,
562,PA18,PP,PROPELLER,AIRFRAMES-DAKOTA CUB,CUB S-18 Super 18,L1P/L,800,1,O-320-E2A,FOCA-6,PISTON-D-1,PISTON-A-1,C182,L,
563,PA20,PP,PROPELLER,PIPER,PA-20 Pacer,L1P/L,900,1,Rotax 912S,FOCA-11,PISTON-D-1,PISTON-A-1,EV97,L,
564,PA22,PP,PROPELLER,PIPER,PA-22 Caribbean,L1P/L,900,1,O-320-E2A,FOCA-6,PISTON-D-1,PISTON-A-1,DA40,L,
565,PA23,PP,PROPELLER,MILLER,Jet Profile,L2P/L,2100,2,O-320-E2A,FOCA-6,PISTON-D-1,PISTON-A-1,DA42,L,
566,PA24,PP,PROPELLER,PIPER,PA-24 Comanche,L1P/L,1400,1,Rotax 912S,FOCA-11,PISTON-D-1,PISTON-A-1,M20T,L,
567,PA25,PP,PROPELLER,CHINCUL,PA-A-25 Pawnee,L1P/L,1300,1,O-540-J3C5D,FOCA-8,PISTON-D-1,PISTON-A-1,SVNH,L,
568,PA27,PP,PROPELLER,CHINCUL,PA-A-23-250 Aztec,L2P/L,2300,2,IO-540-T4A5D,FOCA-3,PISTON-D-1,PISTON-A-1,PA27,L,
569,PA30,PP,PROPELLER,AICSA,PA-30 Twin Comanche,L2P/L,1600,2,IO-320-DIAD,FOCA-1,PISTON-D-1,PISTON-A-1,C402,L,
570,PA31,PP,PROPELLER,AICSA,PA-31-310 Navajo,L2P/L,3100,2,TIO-540-J2B2,FOCA-14,PISTON-D-2,PISTON-A-1,PA31,L,
571,PA32,PP,PROPELLER,AICSA,PA-32 Cherokee Six,L1P/L,1500,1,IO-540-T4A5D,FOCA-3,PISTON-D-1,PISTON-A-1,P28U,L,
572,PA34,PP,PROPELLER,AICSA,PA-34 Seneca,L2P/L,2000,2,TSIO-360C,FOCA-15,PISTON-D-1,PISTON-A-1,PA34,L,
573,PA38,PP,PROPELLER,AICSA,PA-38 Tomahawk,L1P/L,800,1,O-200,FOCA-5,PISTON-D-1,PISTON-A-1,C162,L,
574,PA44,PP,PROPELLER,AICSA,PA-44 Seminole,L2P/L,1700,2,O-360-A3A,FOCA-7,PISTON-D-1,PISTON-A-1,PA44,L,
575,PA46,PP,PROPELLER,PIPER,PA-46R-350T Malibu Matrix,L1P/L,1900,1,TurboProp-21,TP-21,PISTON-D-1,PISTON-A-1,PA46,L,
577,PAT2,PP,PROPELLER,ATAC,Patriot 2,L1P/L,600,1,Rotax 914,FOCA-12,PISTON-D-1,PISTON-A-1,C162,L,
578,PAT4,TP,TURBOPROP,NEIVA,NE-821 Caraja,L2T/L,3100,2,TurboProp-10,TP-10,TURBOPROP-D-1,TURBOPROP-A-1,PAY1,L,
579,PAY1,TP,TURBOPROP,CHINCUL,PA-A-31T1-500 Cheyenne 1,L2T/L,5000,2,TurboProp-10,TP-10,TURBOPROP-D-2,TURBOPROP-A-1,PAY1,L,
580,PAY2,TP,TURBOPROP,AICSA,PA-31T2-620 Cheyenne 2XL,L2T/L,4000,2,BIZLIGHTPROP_F,BIZLIGHTPROP_F,TURBOPROP-D-1,TURBOPROP-A-1,PAY2,L,
581,PAY3,TP,TURBOPROP,AICSA,PA-42-720 Cheyenne 3,L2T/L,5100,2,TurboProp-34,TP-34,TURBOPROP-D-2,TURBOPROP-A-1,PAY3,L,
582,PAY4,TP,TURBOPROP,PIPER,PA-42-1000 Cheyenne 400,L2T/L,5400,2,TurboProp-108,TP-108,TURBOPROP-D-2,TURBOPROP-A-1,P180,L,
583,PC12,TP,TURBOPROP,PILATUS,PC-12,L1T/L,4400,1,TurboProp-46,TP-46,TURBOPROP-D-1,TURBOPROP-A-1,PC12,L,
584,PC21,TP,TURBOPROP,PILATUS,PC-21,L1T/L,4200,1,TurboProp-50,TP-50,TURBOPROP-D-1,TURBOPROP-A-1,TEX2,L,
585,PC24,JB,JET BUSINESS,PILATUS,PC-24,L2J/M,8000,2,TFE731-2-2B,1AS001,JET-BUSINESS-D-3,JET-BUSINESS-A-1,C560,M,
586,PC6T,TP,TURBOPROP,FAIRCHILD,PC-6 Heli-Porter,L1T/L,2800,1,BIZLIGHTPROP_F,BIZLIGHTPROP_F,TURBOPROP-D-1,TURBOPROP-A-1,KODI,L,
587,PC9,TP,TURBOPROP,HAWKER DE HAVILLAND,DE HAVILLAND PC-9,L1T/L,3200,1,TurboProp-35,TP-35,TURBOPROP-D-1,TURBOPROP-A-1,TEX2,L,
588,PEGA,PP,PROPELLER,GENERAL AVIA,AVIA F-20 Pegaso,L2P/L,2200,2,IO-550-B,FOCA-4,PISTON-D-1,PISTON-A-1,BE58,L,
589,PELI,PP,PROPELLER,FLYER,Pelican,L1P/L,600,1,Rotax 582 DCDI,FOCA-9,PISTON-D-1,PISTON-A-1,EV97,L,
590,PEMB,PP,PROPELLER,HUNTING,P-66 Pembroke,L2P/L,6100,2,TIO-540-J2B2,FOCA-14,PISTON-D-3,PISTON-A-1,B58T,L,
591,PIAT,PP,PROPELLER,PIPISTREL,Alpha Trainer,L1P/L,600,1,Rotax 912S,FOCA-11,PISTON-D-1,PISTON-A-1,C182,L,
592,PICO,PP,PROPELLER,EUROSPACE,F-15 Excalibur,L1P/L,1300,1,O-360-A3A,FOCA-7,PISTON-D-1,PISTON-A-1,DA40,L,
593,PINO,PP,PROPELLER,GENERAL AVIA,AVIA F-22 Pinguino,L1P/L,800,1,O-360-A3A,FOCA-7,PISTON-D-1,PISTON-A-1,TB20,L,
594,PIPA,PP,PROPELLER,PIPISTREL,Panthera,L1P/L,1200,1,Rotax 912S,FOCA-11,PISTON-D-1,PISTON-A-1,M20T,L,
595,PIVI,PP,PROPELLER,PIPISTREL,Surveyor,L1P/L,600,1,Rotax 912S,FOCA-11,PISTON-D-1,PISTON-A-1,EV97,L,
596,PNR3,PP,PROPELLER,ALPI,Pioneer 300,L1P/L,500,1,Rotax 912S,FOCA-11,PISTON-D-1,PISTON-A-1,C162,L,
597,PNR4,PP,PROPELLER,ALPI,Pioneer 400,L1P/L,800,1,Rotax 912S,FOCA-11,PISTON-D-1,PISTON-A-1,C82S,L,
598,PRM1,JB,JET BUSINESS,HAWKER BEECHCRAFT,BEECHCRAFT 390 Premier 1,L2J/L,5600,2,TFE731-2-2B,1AS001,JET-BUSINESS-D-2,JET-BUSINESS-A-1,PRM1,L,
599,PROT,PP,PROPELLER,CZAW,Parrot,L1P/L,600,1,O-200,FOCA-5,PISTON-D-1,PISTON-A-1,MAGC,L,
600,PTS2,PP,PROPELLER,AEROTEK,Pitts S-2 Special,L1P/L,600,1,IO-540-T4A5D,FOCA-3,PISTON-D-1,PISTON-A-1,EV97,L,
601,PUP,PP,PROPELLER,BEAGLE,B-121 Pup,L1P/L,800,1,O-320-E2A,FOCA-6,PISTON-D-1,PISTON-A-1,C162,L,
602,R100,PP,PROPELLER,ROBIN,R-1180 Aiglon,L1P/L,1100,1,O-360-A3A,FOCA-7,PISTON-D-1,PISTON-A-1,DA40,L,
603,R135,JL,JET LARGE,BOEING,TC-135,L4J/H,136000,4,CFM56-5B8/3,01P08CM109,JET-LARGE-D-2,JET-LARGE-A-1,B703,H,
604,R200,PP,PROPELLER,ALPHA AVIATION,AVIATION R-2160 Alpha 160,L1P/L,800,1,Rotax 914,FOCA-12,PISTON-D-1,PISTON-A-1,C162,L,
605,R22,H1,HELICOPTER LIGHT,ROBINSON,ELI Yo-Yo,H1P/L,600,1,O-320-E2A,FOCA-6,HELIPROF-D-1-STANDARD,HELIPROF-A-1-STANDARD,P28A,L,
606,R300,PP,PROPELLER,ROBIN,R-300,L1P/L,1000,1,O-320-E2A,FOCA-6,PISTON-D-1,PISTON-A-1,C172,L,
607,R4,H1,HELICOPTER LIGHT,SIKORSKY,H-4 Hoverfly,H1P/L,1100,1,IO-360-A1B6,FOCA-2,HELIPROF-D-1-STANDARD,HELIPROF-A-1-STANDARD,P28U,L,
608,R44,H1,HELICOPTER LIGHT,ROBINSON,R-44 Astro,H1P/L,1100,1,O-540-J3C5D,FOCA-8,HELIPROF-D-1-STANDARD,HELIPROF-A-1-STANDARD,C82S,L,
609,R721,JS,JET SMALL,BOEING,727-100RE Super 27,L3J/M,76700,3,JT8D-219,4PW071,JET-SMALL-D-4,JET-SMALL-A-1,MD83,M,
610,R90F,PP,PROPELLER,RUSCHMEYER,R-90-230FG,L1P/L,1400,1,IO-540-T4A5D,FOCA-3,PISTON-D-1,PISTON-A-1,DA40,L,
611,R90R,PP,PROPELLER,RUSCHMEYER,MF-85,L1P/L,1300,1,TSIO-360C,FOCA-15,PISTON-D-1,PISTON-A-1,DA40,L,
612,R90T,TP,TURBOPROP,RUSCHMEYER,R-90-420AT,L1T/L,1350,1,TurboProp-11,TP-11,TURBOPROP-D-1,TURBOPROP-A-1,E500,L,
613,RALL,PP,PROPELLER,MORANE-SAULNIER,MS-880 Rallye Club,L1P/L,1200,1,O-320-E2A,FOCA-6,PISTON-D-1,PISTON-A-1,P28A,L,
614,RANG,PP,PROPELLER,NAVION,Rangemaster,L1P/L,2000,1,IO-540-T4A5D,FOCA-3,PISTON-D-1,PISTON-A-1,TB21,L,
618,RV10,PP,PROPELLER,VAN'S,RV-10,L1P/L,1200,1,O-540-J3C5D,FOCA-8,PISTON-D-1,PISTON-A-1,TB20,L,
619,RV14,PP,PROPELLER,VAN'S,RV-14,L1P/L,900,1,Prop-300hp,FOCA-18,PISTON-D-1,PISTON-A-1,P28T,L,
620,RV4,PP,PROPELLER,VAN'S,RV-4,L1P/L,700,1,O-360-A3A,FOCA-7,PISTON-D-1,PISTON-A-1,P28T,L,
621,RV6,PP,PROPELLER,AIEP,Air Beetle,L1P/L,700,1,O-360-A3A,FOCA-7,PISTON-D-1,PISTON-A-1,E300,L,
622,RV7,PP,PROPELLER,VAN'S,RV-7,L1P/L,900,1,IO-320-DIAD,FOCA-1,PISTON-D-1,PISTON-A-1,TB21,L,
623,RV8,PP,PROPELLER,VAN'S,RV-8,L1P/L,900,1,IO-360-A1B6,FOCA-2,PISTON-D-1,PISTON-A-1,TB21,L,
624,RV9,PP,PROPELLER,VAN'S,RV-9,L1P/L,800,1,O-360-A3A,FOCA-7,PISTON-D-1,PISTON-A-1,P28T,L,
625,S05F,PP,PROPELLER,SIAI-MARCHETTI,S-205-18F,L1P/L,1200,1,O-360-A3A,FOCA-7,PISTON-D-1,PISTON-A-1,DA40,L,
626,S05R,PP,PROPELLER,SIAI-MARCHETTI,S-205-18R,L1P/L,1300,1,IO-360-A1B6,FOCA-2,PISTON-D-1,PISTON-A-1,C182,L,
627,S208,PP,PROPELLER,SIAI-MARCHETTI,S-208,L1P/L,1500,1,IO-360-A1B6,FOCA-2,PISTON-D-1,PISTON-A-1,C182,L,
628,S223,PP,PROPELLER,CASA,223 Flamingo,L1P/L,1050,1,IO-360-A1B6,FOCA-2,PISTON-D-1,PISTON-A-1,P28A,L,
629,S22T,PP,PROPELLER,CIRRUS,SR-22T,L1P/L,1600,1,Rotax 912S,FOCA-11,PISTON-D-1,PISTON-A-1,S22T,L,
630,S360,H1,HELICOPTER LIGHT,AEROSPATIALE,SA-360 Dauphin,H1T/L,3000,1,TurboProp-52,TP-52,HELIPROF-D-1-STANDARD,HELIPROF-A-1-STANDARD,TBM8,L,
631,S450,PP,PROPELLER,AERO-EAST-EUROPE,SILA-450,L1P/L,500,1,Rotax 912S,FOCA-11,PISTON-D-1,PISTON-A-1,EV97,L,
632,S601,JB,JET BUSINESS,AEROSPATIALE,SN-601 Corvette,L2J/L,6600,2,JT15D-4 SERIES,1PW036,JET-BUSINESS-D-2,JET-BUSINESS-A-1,C525,L,
633,S61,H2,HELICOPTER HEAVY,AGUSTA,AS-61A,H2T/M,5300,2,TurboProp-52,TP-52,HELIPROF-D-1-STANDARD,HELIPROF-A-1-STANDARD,JS41,M,
634,S65C,H2,HELICOPTER HEAVY,AEROSPATIALE,SA-365C Dauphin 2,H2T/L,4200,2,TurboProp-54,TP-54,HELIPROF-D-1-STANDARD,HELIPROF-A-1-STANDARD,SW4,L,
635,S76,H2,HELICOPTER HEAVY,KEYSTONE,S-76,H2T/L,5300,2,TurboProp-59,TP-59,HELIPROF-D-1-STANDARD,HELIPROF-A-1-STANDARD,BE20,L,
636,S92,H2,HELICOPTER HEAVY,SIKORSKY,S-92 Helibus,H2T/M,12000,2,TurboProp-52,TP-52,HELIPROF-D-1-STANDARD,HELIPROF-A-1-STANDARD,JS41,M,
637,SA20,PP,PROPELLER,BERIEV,SA-20,A1P/L,2200,1,IO-360-A1B6,FOCA-2,PISTON-D-1,PISTON-A-1,C188,L,
638,SA30,PP,PROPELLER,STOLP,SA-300 Starduster Too,L1P/L,800,1,O-360-A3A,FOCA-7,PISTON-D-1,PISTON-A-1,DIMO,L,
639,SAH1,PP,PROPELLER,FLS,Sprint,L1P/L,700,1,O-320-E2A,FOCA-6,PISTON-D-1,PISTON-A-1,P28A,L,
640,SB20,TP,TURBOPROP,SAAB,2000,L2T/M,22800,2,TurboProp-3,TP-3,TURBOPROP-D-6,TURBOPROP-A-1,SB20,M,
641,SB91,PP,PROPELLER,DE SCHELDE,SCHELDE 91 Safir,L1P/L,1200,1,O-320-E2A,FOCA-6,PISTON-D-1,PISTON-A-1,P28U,L,
642,SBR1,JB,JET BUSINESS,NORTH AMERICAN,AMERICAN CT-39 Sabreliner,L2J/M,9100,2,TFE731-3,1AS002,JET-BUSINESS-D-3,JET-BUSINESS-A-1,SBR1,M,
643,SBR2,JB,JET BUSINESS,NORTH AMERICAN ROCKWELL,AMERICAN ROCKWELL NA-265 Sabre 75,L2J/M,10400,2,TFE731-3,1AS002,JET-BUSINESS-D-4,JET-BUSINESS-A-1,SBR1,M,
644,SC01,PP,PROPELLER,FFT,SC-01 Speed Canard,L1P/L,700,1,Rotax 582 DCDI,FOCA-9,PISTON-D-1,PISTON-A-1,P28R,L,
645,SC7,TP,TURBOPROP,SHORT,SC-7 Skyliner,L2T/L,5700,2,BIZLIGHTPROP_F,BIZLIGHTPROP_F,TURBOPROP-D-2,TURBOPROP-A-1,D228,L,
646,SD4,PP,PROPELLER,TOMARK,SD-4 Viper,L1P/L,500,1,Rotax 912,FOCA-10,PISTON-D-1,PISTON-A-1,EV97,L,
647,SF2,PP,PROPELLER,HAPI,SF-2 Cygnet,L1P/L,500,1,Rotax 912,FOCA-10,PISTON-D-1,PISTON-A-1,SVNH,L,
648,SF34,TP,TURBOPROP,SAAB,340,L2T/M,13100,2,TurboProp-7,TP-7,TURBOPROP-D-4,TURBOPROP-A-1,SF34,M,
649,SF50,JS,JET SMALL,CIRRUS,SJ-X Vision,L1J/L,2700,1,TFE731-2-2B,1AS001,JET-SMALL-D-1,JET-SMALL-A-1,SF50,L,
650,SG37,PP,PROPELLER,SCHWEIZER,SGM-2-37,L1P/L,800,1,O-200,FOCA-5,PISTON-D-1,PISTON-A-1,DIMO,L,
651,SG70,PP,PROPELLER,GLASS,SG-70 STOLGlassq,L1P/L,600,1,Rotax 912S,FOCA-11,PISTON-D-1,PISTON-A-1,MAGC,L,
652,SH33,TP,TURBOPROP,SHORT,330,L2T/M,10800,2,TurboProp-29,TP-29,TURBOPROP-D-4,TURBOPROP-A-1,SH36,M,
653,SH36,TP,TURBOPROP,SHORT,360,L2T/M,12200,2,TurboProp-49,TP-49,TURBOPROP-D-4,TURBOPROP-A-1,SH36,M,GTCP 36 (80HP)
654,SHRK,PP,PROPELLER,SHARK AERO,AERO Shark,L1P/L,500,1,Rotax 912,FOCA-10,PISTON-D-1,PISTON-A-1,C162,L,
655,SIRA,PP,PROPELLER,TECNAM,P-2002 Sierra,L1P/L,600,1,Rotax 912S,FOCA-11,PISTON-D-1,PISTON-A-1,C162,L,
656,SJ30,JB,JET BUSINESS,SINO SWEARINGEN,SJ-30,L2J/L,5600,2,TFE731-2-2B,1AS001,JET-BUSINESS-D-2,JET-BUSINESS-A-1,LJ25,L,
657,SM20,TP,TURBOPROP,TECHNOAVIA,SM-2000,L1T/L,2100,1,TurboProp-16,TP-16,TURBOPROP-D-1,TURBOPROP-A-1,E500,L,
658,SR01,PP,PROPELLER,EURODISPLAY,SR-01 Magic,L1P/L,600,1,Rotax 912,FOCA-10,PISTON-D-1,PISTON-A-1,C162,L,
659,SR20,PP,PROPELLER,CIRRUS,SR-20,L1P/L,1300,1,IO-360-A1B6,FOCA-2,PISTON-D-1,PISTON-A-1,SR20,L,
660,SR22,PP,PROPELLER,CIRRUS,SR-22,L1P/L,1500,1,Rotax 912S,FOCA-11,PISTON-D-1,PISTON-A-1,SR22,L,
661,SS2T,TP,TURBOPROP,AYRES,S-2R-G Turbo Thrush,L1T/L,2700,1,TurboProp-21,TP-21,TURBOPROP-D-1,TURBOPROP-A-1,P750,L,
662,ST10,PP,PROPELLER,SOCATA,ST-10 Diplomate,L1P/L,1200,1,IO-360-A1B6,FOCA-2,PISTON-D-1,PISTON-A-1,P28R,L,
663,STAR,TP,TURBOPROP,BEECH,2000 Starship,L2T/L,6700,2,TurboProp-43,TP-43,TURBOPROP-D-2,TURBOPROP-A-1,P180,L,
664,SU95,JR,JET REGIONAL,SUKHOI,Superjet 100-95,L2J/M,102000,2,SAM146-1S17,01P11PJ003,JET-REGIONAL-D-5,JET-REGIONAL-A-1,SU95,M,
665,SUBA,PP,PROPELLER,FUJI,FA-200 Aero Subaru,L1P/L,1100,1,O-360-A3A,FOCA-7,PISTON-D-1,PISTON-A-1,C182,L,
666,SW2,TP,TURBOPROP,SWEARINGEN,SA-26 Merlin 2,L2T/L,4500,2,TurboProp-110,TP-110,TURBOPROP-D-1,TURBOPROP-A-1,BE9L,L,
667,SW3,TP,TURBOPROP,FAIRCHILD,SA-227TT Fairchild 300,L2T/L,5600,2,TurboProp-100,TP-100,TURBOPROP-D-2,TURBOPROP-A-1,MU2,L,
668,SW4,TP,TURBOPROP,FAIRCHILD,C-26 Metro,L2T/L/M,6500,2,TurboProp-104,TP-104,TURBOPROP-D-2,TURBOPROP-A-1,SW4,L/M,
669,SX30,PP,PROPELLER,SWEARINGEN,SX-300,L1P/L,1000,1,IO-550-B,FOCA-4,PISTON-D-1,PISTON-A-1,E300,L,
670,T10,PP,PROPELLER,TMM-AVIA,T-10 Avia-Tor,L1P/L,600,1,Rotax 912S,FOCA-11,PISTON-D-1,PISTON-A-1,MAGC,L,
671,T134,JR,JET REGIONAL,TUPOLEV,Tu-134,L2J/M,47000,2,D-30 (IL SERIES),1AA001,JET-REGIONAL-D-3,JET-REGIONAL-A-1,T134,M,GTCP 85 (200 HP)
672,T154,JS,JET SMALL,TUPOLEV,Tu-154,L3J/M,100000,3,D-30KU-154,1AA004,JET-SMALL-D-6,JET-SMALL-A-1,T154,M,GTCP 85 (200 HP)
673,T160,JL,JET LARGE,TUPOLEV,Tu-160,L4J/H,275000,4,CFM56-5B2,2CM013,JET-LARGE-D-5,JET-LARGE-A-1,A342,H,GTCP 85 (200 HP)
674,T204,JS,JET SMALL,TUPOLEV,Tu-204,L2J/M,103000,2,PS-90A,13AA006,JET-SMALL-D-6,JET-SMALL-A-1,T204,M,GTCP 85 (200 HP)
675,T206,PP,PROPELLER,CESSNA,T206 Turbo Stationair,L1P/L,1600,1,Rotax 912S,FOCA-11,PISTON-D-1,PISTON-A-1,T206,L,
676,T210,PP,PROPELLER,CESSNA,T210 Turbo Centurion,L1P/L,1800,1,IO-550-B,FOCA-4,PISTON-D-1,PISTON-A-1,T210,L,
677,T250,PP,PROPELLER,ANDERSON-GREENWOOD,T-250 Aries,L1P/L,1400,1,O-540-J3C5D,FOCA-8,PISTON-D-1,PISTON-A-1,C182,L,
678,T30,PP,PROPELLER,TERZI,T-30 Katana,L1P/L,900,1,IO-550-B,FOCA-4,PISTON-D-1,PISTON-A-1,E300,L,
679,T34T,TP,TURBOPROP,BEECH,T-34C Turbo Mentor,L1T/L,1900,1,TurboProp-18,TP-18,TURBOPROP-D-1,TURBOPROP-A-1,E500,L,
680,TAMP,PP,PROPELLER,SOCATA,TB-9 Tampico,L1P/L,1000,1,Rotax 912S,FOCA-11,PISTON-D-1,PISTON-A-1,P28A,L,
681,TB20,PP,PROPELLER,SOCATA,LE-500 Little Eagle,L1P/L,1300,1,IO-540-T4A5D,FOCA-3,PISTON-D-1,PISTON-A-1,TB20,L,
682,TB21,PP,PROPELLER,SOCATA,TB-21 Trinidad TC,L1P/L,1300,1,IO-540-T4A5D,FOCA-3,PISTON-D-1,PISTON-A-1,TB21,L,
683,TB31,TP,TURBOPROP,SOCATA,TB-31 Omega,L1T/L,1500,1,TurboProp-11,TP-11,TURBOPROP-D-1,TURBOPROP-A-1,P46T,L,
684,TBEE,PP,PROPELLER,UNITED CONSULTANT,CONSULTANT UC-1 Twin Bee,A2P/L,2000,2,O-360-A3A,FOCA-7,PISTON-D-1,PISTON-A-1,PA44,L,
685,TBM7,TP,TURBOPROP,TBM,TBM-700A,L1T/L,2900,1,TurboProp-36,TP-36,TURBOPROP-D-1,TURBOPROP-A-1,TBM7,L,
686,TBM8,TP,TURBOPROP,SOCATA,TBM-850,L1T/L,3400,1,TurboProp-36,TP-36,TURBOPROP-D-1,TURBOPROP-A-1,TBM8,L,
687,TBM9,TP,TURBOPROP,SOCATA,TBM-700N (TBM-930),L1T/L,3300,1,TurboProp-36,TP-36,TURBOPROP-D-1,TURBOPROP-A-1,TBM9,L,
688,TEX2,TP,TURBOPROP,HAWKER BEECHCRAFT,T-6 Texan 2,L1T/L,3000,1,TurboProp-50,TP-50,TURBOPROP-D-1,TURBOPROP-A-1,TEX2,L,
689,TFUN,PP,PROPELLER,TWI,Taifun,L1P/L,800,1,Rotax 912,FOCA-10,PISTON-D-1,PISTON-A-1,DIMO,L,
690,TIGR,H2,HELICOPTER HEAVY,AUSTRALIAN AEROSPACE,HELICOPTERS EC-665 Tiger,H2T/L,6000,2,TurboProp-52,TP-52,HELIPROF-D-1-STANDARD,HELIPROF-A-1-STANDARD,JS41,L,
691,TL20,PP,PROPELLER,TL ULTRALIGHT,ULTRALIGHT TL-2000 Sting,L1P/L,500,1,Rotax 912,FOCA-10,PISTON-D-1,PISTON-A-1,C162,L,
692,TOBA,PP,PROPELLER,SOCATA,TB-10 Tobago,L1P/L,1100,1,O-360-A3A,FOCA-7,PISTON-D-1,PISTON-A-1,C172,L,
693,TR20,PP,PROPELLER,FEUGRAY,TR-200,L1P/L,800,1,IO-360-A1B6,FOCA-2,PISTON-D-1,PISTON-A-1,P28R,L,
694,TRIS,PP,PROPELLER,ANGLO NORMANDY,NORMANDY BN-2A Mk3 Trislander,L3P/L,4500,3,O-540-J3C5D,FOCA-8,PISTON-D-2,PISTON-A-1,DA42,L,
695,TWEN,PP,PROPELLER,TECNAM,P-2010 Twenty-Ten,L1P/L,1100,1,Rotax 912S,FOCA-11,PISTON-D-1,PISTON-A-1,C172,L,
696,UT75,PP,PROPELLER,UTVA,3,L1P/L,1000,1,IO-360-A1B6,FOCA-2,PISTON-D-1,PISTON-A-1,SVNH,L,
697,V1,TP,TURBOPROP,GRUMMAN,AO-1 Mohawk,L2T/M,8200,2,TurboProp-38,TP-38,TURBOPROP-D-3,TURBOPROP-A-1,SH36,M,
698,V22,TP,TURBOPROP,BELL-BOEING,901 Osprey,T2T/M,27400,2,TurboProp-85,TP-85,TURBOPROP-D-6,TURBOPROP-A-1,A140,M,
699,VC10,JL,JET LARGE,VICKERS-ARMSTRONGS, BAC VC-10 ,L2J/L,146500,4,CFM56-7B22,3CM031,JET-LARGE-D-2,JET-LARGE-A-1,B703,L,
700,VELO,PP,PROPELLER,VELOCITY,Velocity 173,L1P/L,1100,1,IO-360-A1B6,FOCA-2,PISTON-D-1,PISTON-A-1,M20T,L,
701,VF14,JB,JET BUSINESS,VFW-Fokker,VFW-Fokker 614,L2J/M,19960,2,M45H-01,1RR001,JET-BUSINESS-D-5,JET-BUSINESS-A-1,YK40,M,
702,VK3P,PP,PROPELLER,CIRRUS,VK-30 Cirrus (piston),L1P/L,1600,1,IO-550-B,FOCA-4,PISTON-D-1,PISTON-A-1,S22T,L,
703,VL3,PP,PROPELLER,VANESSA AIR,VL-3,L1P/L,600,1,IO-550-B,FOCA-4,PISTON-D-1,PISTON-A-1,C162,L,
704,VO10,PP,PROPELLER,AERO COMMANDER,COMMANDER 100 Commander 100,L1P/L,2000,1,O-320-E2A,FOCA-6,PISTON-D-1,PISTON-A-1,C172,L,
705,VTOR,TP,TURBOPROP,PARTENAVIA,AP-68TP-600 Viator,L2T/L,2000,2,TurboProp-11,TP-11,TURBOPROP-D-1,TURBOPROP-A-1,F406,L,
706,WA50,PP,PROPELLER,WASSMER,WA-51 Pacific,L1P/L,1100,1,O-360-A3A,FOCA-7,PISTON-D-1,PISTON-A-1,DA40,L,
707,WW24,JM,JET MEDIUM,IAI,1124 Westwind,L2J/M,10660,2,TFE731-3,1AS002,JET-MEDIUM-D-1,JET-MEDIUM-A-1,SBR1,M,
708,Y11,PP,PROPELLER,HARBIN,Harbin Y-11,L2P/L,3250,2,IO-550-B,FOCA-4,PISTON-D-2,PISTON-A-1,P06T,L,
709,Y12,TP,TURBOPROP,HARBIN,Harbin Y-12,L2T/L,5300,2,TurboProp-15,TP-15,TURBOPROP-D-2,TURBOPROP-A-1,L410,L,
710,YK40,JR,JET REGIONAL,YAKOVLEV,Yak-40 ,L3J/M,16000,3,TFE731-3,1AS002,JET-REGIONAL-D-1,JET-REGIONAL-A-1,YK40,M,
711,YK42,JR,JET REGIONAL,YAKOVLEV,Yak-42/142 ,L3J/M,63000,3,D-36,1ZM001,JET-REGIONAL-D-4,JET-REGIONAL-A-1,YK42,M,
164,BE40,JB,JET BUSINESS,BEECH,400 Beechjet,L2J/M,7300,2,JT15D-5-5A-5B,1PW037,JET-BUSINESS-D-2,JET-BUSINESS-A-1,BE40,M,
245,C560,JB,JET BUSINESS,CESSNA,560 Citation 5,L2J/M,7200,2,JT15D-5-5A-5B,1PW037,JET-BUSINESS-D-2,JET-BUSINESS-A-1,C560,M,GTCP 36-150
478,LJ23,JB,JET BUSINESS,LEAR JET,LEARJET 23,L2J/L,5600,2,JT15D-5-5A-5B,1PW037,JET-BUSINESS-D-2,JET-BUSINESS-A-1,PRM1,L,
558,P808,JB,JET BUSINESS,PIAGGIO,PD-808,L2J/M,8170,2,JT15D-5-5A-5B,1PW037,JET-BUSINESS-D-3,JET-BUSINESS-A-1,BE40,M,
576,PA47,JB,JET BUSINESS,PIPER,PA-47 Piper Jet,L1J/L,4080,1,JT15D-5-5A-5B,1PW037,JET-BUSINESS-D-1,JET-BUSINESS-A-1,C510,L,
615,RJ1H,JR,JET REGIONAL,AI(R),RJ-100 Avroliner,L4J/M,44200,4,LF507-1F-1H,1TL004,JET-REGIONAL-D-3,JET-REGIONAL-A-1,RJ1H,M,GTCP 36-100
616,RJ70,JR,JET REGIONAL,AI(R),RJ-70 Avroliner,L4J/M,43000,4,LF507-1F-1H,1TL004,JET-REGIONAL-D-3,JET-REGIONAL-A-1,RJ85,M,
617,RJ85,JR,JET REGIONAL,AI(R),RJ-85 Avroliner,L4J/M,49900,4,LF507-1F-1H,1TL004,JET-REGIONAL-D-3,JET-REGIONAL-A-1,RJ85,M,
