oid,table_key,table_name,field_number,field_key,field_name,unit,description
1, 'AIRCRAFT_TRACK', 'shp_AcTracks',1, 'xxxTrackID', 'track_id', NULL, 'Take-off or landing horizontal track identifier'
2, 'AIRCRAFT_TRACK', 'shp_AcTracks',2, 'xxxRunway', 'runway', NULL, 'Runway associated with take-off or landing track'
3, 'AIRCRAFT_TRACK', 'shp_AcTracks',3, 'xxxDep_Arr', 'dep_arr', NULL, 'Depature/Arrival status \'A\' or \'D\''
4, 'AIRCRAFT_TRACK', 'shp_AcTracks',4, 'xxxPoints', 'points', NULL, 'Number of points (vertices) in track'
5, 'AREA_SOURCES', 'shp_AreaSource',1, 'tbxAreaSourceName', 'source_id', '', 'Area source name'
6, 'AREA_SOURCES', 'shp_AreaSource',2, 'tbxHeight', 'height', 'metre', 'Height above or below airport elevation (m)'
7, 'AREA_SOURCES', 'shp_AreaSource',3, 'tbxHeatFlux', 'heat_flux', 'megawatt', 'Heat flux (Mw)'
8, 'AREA_SOURCES', 'shp_AreaSource',4, 'tbxYearUnits', 'unit_year', '', 'Annual unit'
9, 'AREA_SOURCES', 'shp_AreaSource',5, 'tbxHourUnits', 'unit_hour', '', 'Peak-hour units'
10, 'AREA_SOURCES', 'shp_AreaSource',6, 'chkYearHour', 'year_hour', '', 'Define operation by year or by peak-hour?'
11, 'AREA_SOURCES', 'shp_AreaSource',7, 'cbxHourly', 'hour_prof', '', 'Hourly operational profile'
12, 'AREA_SOURCES', 'shp_AreaSource',8, 'cbxDaily', 'daily_prof', '', 'Daily operational profile'
13, 'AREA_SOURCES', 'shp_AreaSource',9, 'cbxMonthly', 'month_prof', '', 'Monthly operational profile'
14, 'AREA_SOURCES', 'shp_AreaSource',10, 'tbxCO', 'co_kg_unit', 'kilogram', 'Carbon Monoxide (kg/unit)'
15, 'AREA_SOURCES', 'shp_AreaSource',11, 'tbxHC', 'hc_kg_unit', 'kilogram', 'Hydrocarbons (kg/unit)'
16, 'AREA_SOURCES', 'shp_AreaSource',12, 'tbxNOx', 'nox_kg_unit', 'kilogram', 'Nitrogen oxides (kg/unit)'
17, 'AREA_SOURCES', 'shp_AreaSource',13, 'tbxSOx', 'sox_kg_unit', 'kilogram', 'Sulfur Oxides (kg/unit)'
18, 'AREA_SOURCES', 'shp_AreaSource',14, 'tbxPM10', 'pm10_kg_unit', 'kilogram', 'Particulate matter (kg/unit)'
19, 'AREA_SOURCES', 'shp_AreaSource',15, 'tbxP1', 'p1_kg_unit', 'kilogram', 'Additional user defined pollutant 1 (kg/unit)'
20, 'AREA_SOURCES', 'shp_AreaSource',16, 'tbxP2', 'p2_kg_unit', 'kilogram', 'Additional user defined pollutant 2 (kg/unit)'
21, 'AREA_SOURCES', 'shp_AreaSource',17, 'chkInStudy', 'instudy', '', 'Include in study?'
22, 'AREA_SOURCES', 'shp_AreaSource',18, 'xxxArea', 'area', 'squaremetre','Source area (m2)'
23, 'AREA_SOURCES', 'shp_AreaSource',19, 'xxxPoints', 'points', '', 'Number of points defining area boundary (min=3'
24, 'AREA_SOURCES', 'shp_AreaSource',20, 'xxxX_01', 'x_01', 'metre', 'Y-coordinate point 01'
25, 'AREA_SOURCES', 'shp_AreaSource',21, 'xxxY_01', 'y_01', 'metre', 'X-coordinate point 01'
26, 'AREA_SOURCES', 'shp_AreaSource',22, 'xxxX_02', 'x_02', 'metre', 'Y-coordinate point 02'
27, 'AREA_SOURCES', 'shp_AreaSource',23, 'xxxY_02', 'y_02', 'metre', 'X-coordinate point 02'
28, 'AREA_SOURCES', 'shp_AreaSource',24, 'xxxX_03', 'x_03', 'metre', 'Y-coordinate point 03'
29, 'AREA_SOURCES', 'shp_AreaSource',25, 'xxxY_03', 'y_03', 'metre', 'X-coordinate point 03'
30, 'AREA_SOURCES', 'shp_AreaSource',26, 'xxxX_04', 'x_04', 'metre', 'Y-coordinate point 04'
31, 'AREA_SOURCES', 'shp_AreaSource',27, 'xxxY_04', 'y_04', 'metre', 'X-coordinate point 04'
32, 'AREA_SOURCES', 'shp_AreaSource',28, 'xxxX_05', 'x_05', 'metre', 'Y-coordinate point 05'
33, 'AREA_SOURCES', 'shp_AreaSource',29, 'xxxY_05', 'y_05', 'metre', 'X-coordinate point 05'
34, 'AREA_SOURCES', 'shp_AreaSource',30, 'xxxX_06', 'x_06', 'metre', 'Y-coordinate point 06'
35, 'AREA_SOURCES', 'shp_AreaSource',31, 'xxxY_06', 'y_06', 'metre', 'X-coordinate point 06'
36, 'AREA_SOURCES', 'shp_AreaSource',32, 'xxxX_07', 'x_07', 'metre', 'Y-coordinate point 07'
37, 'AREA_SOURCES', 'shp_AreaSource',33, 'xxxY_07', 'y_07', 'metre', 'X-coordinate point 07'
38, 'AREA_SOURCES', 'shp_AreaSource',34, 'xxxX_08', 'x_08', 'metre', 'Y-coordinate point 08'
39, 'AREA_SOURCES', 'shp_AreaSource',35, 'xxxY_08', 'y_08', 'metre', 'X-coordinate point 08'
40, 'AREA_SOURCES', 'shp_AreaSource',36, 'xxxX_09', 'x_09', 'metre', 'Y-coordinate point 09'
41, 'AREA_SOURCES', 'shp_AreaSource',37, 'xxxY_09', 'y_09', 'metre', 'X-coordinate point 09'
42, 'AREA_SOURCES', 'shp_AreaSource',38, 'xxxX_10', 'x_10', 'metre', 'Y-coordinate point 10'
43, 'AREA_SOURCES', 'shp_AreaSource',39, 'xxxY_10', 'y_10', 'metre', 'X-coordinate point 10'
44, 'AREA_SOURCES', 'shp_AreaSource',40, 'xxxX_11', 'x_11', 'metre', 'Y-coordinate point 11'
45, 'AREA_SOURCES', 'shp_AreaSource',41, 'xxxY_11', 'y_11', 'metre', 'X-coordinate point 11'
46, 'AREA_SOURCES', 'shp_AreaSource',42, 'xxxX_12', 'x_12', 'metre', 'Y-coordinate point 12'
47, 'AREA_SOURCES', 'shp_AreaSource',43, 'xxxY_12', 'y_12', 'metre', 'X-coordinate point 12'
48, 'AREA_SOURCES', 'shp_AreaSource',44, 'xxxX_13', 'x_13', 'metre', 'Y-coordinate point 13'
49, 'AREA_SOURCES', 'shp_AreaSource',45, 'xxxY_13', 'y_13', 'metre', 'X-coordinate point 13'
50, 'AREA_SOURCES', 'shp_AreaSource',46, 'xxxX_14', 'x_14', 'metre', 'Y-coordinate point 14'
51, 'AREA_SOURCES', 'shp_AreaSource',47, 'xxxY_14', 'y_14', 'metre', 'X-coordinate point 14'
52, 'AREA_SOURCES', 'shp_AreaSource',48, 'xxxX_15', 'x_15', 'metre', 'Y-coordinate point 15'
53, 'AREA_SOURCES', 'shp_AreaSource',49, 'xxxY_15', 'y_15', 'metre', 'X-coordinate point 15'
54, 'AREA_SOURCES', 'shp_AreaSource',50, 'xxxX_16', 'x_16', 'metre', 'Y-coordinate point 16'
55, 'AREA_SOURCES', 'shp_AreaSource',51, 'xxxY_16', 'y_16', 'metre', 'X-coordinate point 16'
56, 'AREA_SOURCES', 'shp_AreaSource',52, 'xxxX_17', 'x_17', 'metre', 'Y-coordinate point 17'
57, 'AREA_SOURCES', 'shp_AreaSource',53, 'xxxY_17', 'y_17', 'metre', 'X-coordinate point 17'
58, 'AREA_SOURCES', 'shp_AreaSource',54, 'xxxX_18', 'x_18', 'metre', 'Y-coordinate point 18'
59, 'AREA_SOURCES', 'shp_AreaSource',55, 'xxxY_18', 'y_18', 'metre', 'X-coordinate point 18'
60, 'AREA_SOURCES', 'shp_AreaSource',56, 'xxxX_19', 'x_19', 'metre', 'Y-coordinate point 19'
61, 'AREA_SOURCES', 'shp_AreaSource',57, 'xxxY_19', 'y_19', 'metre', 'Y-coordinate point 19'
62, 'AREA_SOURCES', 'shp_AreaSource',58, 'xxxX_20', 'x_20', 'metre', 'X-coordinate point 20'
63, 'AREA_SOURCES', 'shp_AreaSource',59, 'xxxY_20', 'y_20', 'metre', 'Y-coordinate point 20'
64, 'BUILDINGS', 'shp_Buildings',1, 'tbxBuildingName', 'building_id', '', 'Building name'
65, 'BUILDINGS', 'shp_Buildings',2, 'tbxHeight', 'height', 'metre', 'Building height above or below airport elevation (m)'
66, 'BUILDINGS', 'shp_Buildings',3, 'chkInStudy', 'instudy', '', 'Include in study?'
67, 'BUILDINGS', 'shp_Buildings',4, 'xxxArea', 'area', 'squaremetre','Source area (m2)'
68, 'BUILDINGS', 'shp_Buildings',5, 'xxxPoints', 'points', '', 'Number of points defining area boundary (min=3'
69, 'BUILDINGS', 'shp_Buildings',6, 'xxxX_01', 'x_01', 'metre', 'Y-coordinate point 01'
70, 'BUILDINGS', 'shp_Buildings',7, 'xxxY_01', 'y_01', 'metre', 'X-coordinate point 01'
71, 'BUILDINGS', 'shp_Buildings',8, 'xxxX_02', 'x_02', 'metre', 'Y-coordinate point 02'
72, 'BUILDINGS', 'shp_Buildings',9, 'xxxY_02', 'y_02', 'metre', 'X-coordinate point 02'
73, 'BUILDINGS', 'shp_Buildings',10, 'xxxX_03', 'x_03', 'metre', 'Y-coordinate point 03'
74, 'BUILDINGS', 'shp_Buildings',11, 'xxxY_03', 'y_03', 'metre', 'X-coordinate point 03'
75, 'BUILDINGS', 'shp_Buildings',12, 'xxxX_04', 'x_04', 'metre', 'Y-coordinate point 04'
76, 'BUILDINGS', 'shp_Buildings',13, 'xxxY_04', 'y_04', 'metre', 'X-coordinate point 04'
77, 'BUILDINGS', 'shp_Buildings',14, 'xxxX_05', 'x_05', 'metre', 'Y-coordinate point 05'
78, 'BUILDINGS', 'shp_Buildings',15, 'xxxY_05', 'y_05', 'metre', 'X-coordinate point 05'
79, 'BUILDINGS', 'shp_Buildings',16, 'xxxX_06', 'x_06', 'metre', 'Y-coordinate point 06'
80, 'BUILDINGS', 'shp_Buildings',17, 'xxxY_06', 'y_06', 'metre', 'X-coordinate point 06'
81, 'BUILDINGS', 'shp_Buildings',18, 'xxxX_07', 'x_07', 'metre', 'Y-coordinate point 07'
82, 'BUILDINGS', 'shp_Buildings',19, 'xxxY_07', 'y_07', 'metre', 'X-coordinate point 07'
83, 'BUILDINGS', 'shp_Buildings',20, 'xxxX_08', 'x_08', 'metre', 'Y-coordinate point 08'
84, 'BUILDINGS', 'shp_Buildings',21, 'xxxY_08', 'y_08', 'metre', 'X-coordinate point 08'
85, 'BUILDINGS', 'shp_Buildings',22, 'xxxX_09', 'x_09', 'metre', 'Y-coordinate point 09'
86, 'BUILDINGS', 'shp_Buildings',23, 'xxxY_09', 'y_09', 'metre', 'X-coordinate point 09'
87, 'BUILDINGS', 'shp_Buildings',24, 'xxxX_10', 'x_10', 'metre', 'Y-coordinate point 10'
88, 'BUILDINGS', 'shp_Buildings',25, 'xxxY_10', 'y_10', 'metre', 'X-coordinate point 10'
89, 'BUILDINGS', 'shp_Buildings',26, 'xxxX_11', 'x_11', 'metre', 'Y-coordinate point 11'
90, 'BUILDINGS', 'shp_Buildings',27, 'xxxY_11', 'y_11', 'metre', 'X-coordinate point 11'
91, 'BUILDINGS', 'shp_Buildings',28, 'xxxX_12', 'x_12', 'metre', 'Y-coordinate point 12'
92, 'BUILDINGS', 'shp_Buildings',29, 'xxxY_12', 'y_12', 'metre', 'X-coordinate point 12'
93, 'BUILDINGS', 'shp_Buildings',30, 'xxxX_13', 'x_13', 'metre', 'Y-coordinate point 13'
94, 'BUILDINGS', 'shp_Buildings',31, 'xxxY_13', 'y_13', 'metre', 'X-coordinate point 13'
95, 'BUILDINGS', 'shp_Buildings',32, 'xxxX_14', 'x_14', 'metre', 'Y-coordinate point 14'
96, 'BUILDINGS', 'shp_Buildings',33, 'xxxY_14', 'y_14', 'metre', 'X-coordinate point 14'
97, 'BUILDINGS', 'shp_Buildings',34, 'xxxX_15', 'x_15', 'metre', 'Y-coordinate point 15'
98, 'BUILDINGS', 'shp_Buildings',35, 'xxxY_15', 'y_15', 'metre', 'X-coordinate point 15'
99, 'BUILDINGS', 'shp_Buildings',36, 'xxxX_16', 'x_16', 'metre', 'Y-coordinate point 16'
100, 'BUILDINGS', 'shp_Buildings',37, 'xxxY_16', 'y_16', 'metre', 'X-coordinate point 16'
101, 'BUILDINGS', 'shp_Buildings',38, 'xxxX_17', 'x_17', 'metre', 'Y-coordinate point 17'
102, 'BUILDINGS', 'shp_Buildings',39, 'xxxY_17', 'y_17', 'metre', 'X-coordinate point 17'
103, 'BUILDINGS', 'shp_Buildings',40, 'xxxX_18', 'x_18', 'metre', 'Y-coordinate point 18'
104, 'BUILDINGS', 'shp_Buildings',41, 'xxxY_18', 'y_18', 'metre', 'X-coordinate point 18'
105, 'BUILDINGS', 'shp_Buildings',42, 'xxxX_19', 'x_19', 'metre', 'Y-coordinate point 19'
106, 'BUILDINGS', 'shp_Buildings',43, 'xxxY_19', 'y_19', 'metre', 'Y-coordinate point 19'
107, 'BUILDINGS', 'shp_Buildings',44, 'xxxX_20', 'x_20', 'metre', 'X-coordinate point 20'
108, 'BUILDINGS', 'shp_Buildings',45, 'xxxY_20', 'y_20', 'metre', 'Y-coordinate point 20'
109, 'GATES', 'shp_Gates',1, 'tbxGateName', 'gate_id', '', 'Gate name'
110, 'GATES', 'shp_Gates',2, 'cbxGateType', 'gate_type', NULL, 'Gate/Stand Type for GSE GPU and APU emissions'
111, 'GATES', 'shp_Gates',3, 'chkInStudy', 'instudy', '', 'Include in study?'
112, 'GATES', 'shp_Gates',4, 'tbxSigmaY0', 'sigma_y0', 'metre', 'Lateral dispersion coefficient'
113, 'GATES', 'shp_Gates',5, 'tbxSigmaZ0', 'sigma_z0', 'metre', 'Vertical dispersion coefficient'
114, 'GATES', 'shp_Gates',6, 'tbxHeight', 'height', 'metre', 'release height of gate emissions'
115, 'GATES', 'shp_Gates',7, 'xxxPoints', 'points', '', 'Number of points defining gate area (min=1'
116, 'GATES', 'shp_Gates',8, 'xxxX_01', 'x_01', 'metre', 'Y-coordinate point 01'
117, 'GATES', 'shp_Gates',9, 'xxxY_01', 'y_01', 'metre', 'X-coordinate point 01'
118, 'GATES', 'shp_Gates',10, 'xxxX_02', 'x_02', 'metre', 'Y-coordinate point 02'
119, 'GATES', 'shp_Gates',11, 'xxxY_02', 'y_02', 'metre', 'X-coordinate point 02'
120, 'GATES', 'shp_Gates',12, 'xxxX_03', 'x_03', 'metre', 'Y-coordinate point 03'
121, 'GATES', 'shp_Gates',13, 'xxxY_03', 'y_03', 'metre', 'X-coordinate point 03'
122, 'GATES', 'shp_Gates',14, 'xxxX_04', 'x_04', 'metre', 'Y-coordinate point 04'
123, 'GATES', 'shp_Gates',15, 'xxxY_04', 'y_04', 'metre', 'X-coordinate point 04'
124, 'GATES', 'shp_Gates',16, 'xxxX_05', 'x_05', 'metre', 'Y-coordinate point 05'
125, 'GATES', 'shp_Gates',17, 'xxxY_05', 'y_05', 'metre', 'X-coordinate point 05'
126, 'GATES', 'shp_Gates',18, 'xxxX_06', 'x_06', 'metre', 'Y-coordinate point 06'
127, 'GATES', 'shp_Gates',19, 'xxxY_06', 'y_06', 'metre', 'X-coordinate point 06'
128, 'GATES', 'shp_Gates',20, 'xxxX_07', 'x_07', 'metre', 'Y-coordinate point 07'
129, 'GATES', 'shp_Gates',21, 'xxxY_07', 'y_07', 'metre', 'X-coordinate point 07'
130, 'GATES', 'shp_Gates',22, 'xxxX_08', 'x_08', 'metre', 'Y-coordinate point 08'
131, 'GATES', 'shp_Gates',23, 'xxxY_08', 'y_08', 'metre', 'X-coordinate point 08'
132, 'GATES', 'shp_Gates',24, 'xxxX_09', 'x_09', 'metre', 'Y-coordinate point 09'
133, 'GATES', 'shp_Gates',25, 'xxxY_09', 'y_09', 'metre', 'X-coordinate point 09'
134, 'GATES', 'shp_Gates',26, 'xxxX_10', 'x_10', 'metre', 'Y-coordinate point 10'
135, 'GATES', 'shp_Gates',27, 'xxxY_10', 'y_10', 'metre', 'X-coordinate point 10'
136, 'GATES', 'shp_Gates',28, 'xxxX_11', 'x_11', 'metre', 'Y-coordinate point 11'
137, 'GATES', 'shp_Gates',29, 'xxxY_11', 'y_11', 'metre', 'X-coordinate point 11'
138, 'GATES', 'shp_Gates',30, 'xxxX_12', 'x_12', 'metre', 'Y-coordinate point 12'
139, 'GATES', 'shp_Gates',31, 'xxxY_12', 'y_12', 'metre', 'X-coordinate point 12'
140, 'GATES', 'shp_Gates',32, 'xxxX_13', 'x_13', 'metre', 'Y-coordinate point 13'
141, 'GATES', 'shp_Gates',33, 'xxxY_13', 'y_13', 'metre', 'X-coordinate point 13'
142, 'GATES', 'shp_Gates',34, 'xxxX_14', 'x_14', 'metre', 'Y-coordinate point 14'
143, 'GATES', 'shp_Gates',35, 'xxxY_14', 'y_14', 'metre', 'X-coordinate point 14'
144, 'GATES', 'shp_Gates',36, 'xxxX_15', 'x_15', 'metre', 'Y-coordinate point 15'
145, 'GATES', 'shp_Gates',37, 'xxxY_15', 'y_15', 'metre', 'X-coordinate point 15'
146, 'GATES', 'shp_Gates',38, 'xxxX_16', 'x_16', 'metre', 'Y-coordinate point 16'
147, 'GATES', 'shp_Gates',39, 'xxxY_16', 'y_16', 'metre', 'X-coordinate point 16'
148, 'GATES', 'shp_Gates',40, 'xxxX_17', 'x_17', 'metre', 'Y-coordinate point 17'
149, 'GATES', 'shp_Gates',41, 'xxxY_17', 'y_17', 'metre', 'X-coordinate point 17'
150, 'GATES', 'shp_Gates',42, 'xxxX_18', 'x_18', 'metre', 'Y-coordinate point 18'
151, 'GATES', 'shp_Gates',43, 'xxxY_18', 'y_18', 'metre', 'X-coordinate point 18'
152, 'GATES', 'shp_Gates',44, 'xxxX_19', 'x_19', 'metre', 'Y-coordinate point 19'
153, 'GATES', 'shp_Gates',45, 'xxxY_19', 'y_19', 'metre', 'Y-coordinate point 19'
154, 'GATES', 'shp_Gates',46, 'xxxX_20', 'x_20', 'metre', 'X-coordinate point 20'
155, 'GATES', 'shp_Gates',47, 'xxxY_20', 'y_20', 'metre', 'Y-coordinate point 20'
156, 'GATESX', 'shp_Gates',48, 'cbxGateScenario', 'scenario', '', 'Gate Scenario name from GATESCEN table'
157, 'PARKINGS', 'shp_Parklots',1, 'tbxParkingName', 'parking_id', '', 'Parking name'
158, 'PARKINGS', 'shp_Parklots',2, 'tbxHeight', 'height', 'metre', 'Height above or below airport elevation (m)'
159, 'PARKINGS', 'shp_Parklots',3, 'tbxTravelDistance', 'distance', 'metre', 'Average distance travelled per vehicle (m)'
160, 'PARKINGS', 'shp_Parklots',4, 'tbxIdleTime', 'idle_time', 'minute', 'Average idle time in lot per vehicle (minutes)'
161, 'PARKINGS', 'shp_Parklots',5, 'tbxParkTime', 'park_time', 'minute', 'Average park time in lot per vehicle (minutes)'
162, 'PARKINGS', 'shp_Parklots',6, 'cbxParkingSpeed', 'speed', 'kilometre/hour', 'Average speed in lot (km/h)'
163, 'PARKINGS', 'shp_Parklots',7, 'tbxLightPercent', 'veh_light', '', 'Percentage light vehicles (%) e.g. cars'
164, 'PARKINGS', 'shp_Parklots',8, 'tbxMediumPercent', 'veh_medium', '', 'Percentage medium vehicles (%) e.g. delivery vehicles'
165, 'PARKINGS', 'shp_Parklots',9, 'tbxHeavyPercent', 'veh_heavy', '', 'Percentage heavy vehicles (%) e.g. trucks and buses'
166, 'PARKINGS', 'shp_Parklots',10, 'tbxYearUnits', 'veh_year', '', 'Annual number of vehicles'
167, 'PARKINGS', 'shp_Parklots',11, 'tbxHourUnits', 'veh_hour', '', 'Peak-hour number of vehicles'
168, 'PARKINGS', 'shp_Parklots',12, 'chkYearHour', 'year_hour', '', 'Define operation by year or by peak-hour?'
169, 'PARKINGS', 'shp_Parklots',13, 'cbxHourly', 'hour_prof', '', 'Hourly operational profile'
170, 'PARKINGS', 'shp_Parklots',14, 'cbxDaily', 'daily_prof', '', 'Daily operational profile'
171, 'PARKINGS', 'shp_Parklots',15, 'cbxMonthly', 'month_prof', '', 'Monthly operational profile'
172, 'PARKINGS', 'shp_Parklots',16, 'tbxCO', 'co_gm_vh', 'gram', 'Carbon Monoxide (g/vehicle)'
173, 'PARKINGS', 'shp_Parklots',17, 'tbxHC', 'hc_gm_vh', 'gram', 'Hydrocarbons (g/vehicle)'
174, 'PARKINGS', 'shp_Parklots',18, 'tbxNOx', 'nox_gm_vh', 'gram', 'Nitrogen oxides (g/vehicle)'
175, 'PARKINGS', 'shp_Parklots',19, 'tbxSOx', 'sox_gm_vh', 'gram', 'Sulfur Oxides (g/vehicle)'
176, 'PARKINGS', 'shp_Parklots',20, 'tbxPM10', 'pm10_gm_vh', 'gram', 'Particulate matter (g/vehicle)'
177, 'PARKINGS', 'shp_Parklots',21, 'tbxP1', 'p1_gm_vh', 'gram', 'Additional user defined pollutant 1 (g/vehicle)'
178, 'PARKINGS', 'shp_Parklots',22, 'tbxP2', 'p2_gm_vh', 'gram', 'Additional user defined pollutant 2 (g/vehicle)'
179, 'PARKINGS', 'shp_Parklots',23, 'tbxMethod', 'method', '', 'Calculation method used for emissions'
180, 'PARKINGS', 'shp_Parklots',24, 'chkUserEdit', 'user_edit', '', 'Emissions edited by user?'
181, 'PARKINGS', 'shp_Parklots',25, 'chkInStudy', 'instudy', '', 'Include in study?'
182, 'PARKINGS', 'shp_Parklots',26, 'xxxArea', 'area', 'squaremetre','Parking area (m2)'
183, 'PARKINGS', 'shp_Parklots',27, 'xxxPoints', 'points', '', 'Number of points defining parking boundary (min=3'
184, 'PARKINGS', 'shp_Parklots',28, 'xxxX_01', 'x_01', 'metre', 'Y-coordinate point 01'
185, 'PARKINGS', 'shp_Parklots',29, 'xxxY_01', 'y_01', 'metre', 'X-coordinate point 01'
186, 'PARKINGS', 'shp_Parklots',30, 'xxxX_02', 'x_02', 'metre', 'Y-coordinate point 02'
187, 'PARKINGS', 'shp_Parklots',31, 'xxxY_02', 'y_02', 'metre', 'X-coordinate point 02'
188, 'PARKINGS', 'shp_Parklots',32, 'xxxX_03', 'x_03', 'metre', 'Y-coordinate point 03'
189, 'PARKINGS', 'shp_Parklots',33, 'xxxY_03', 'y_03', 'metre', 'X-coordinate point 03'
190, 'PARKINGS', 'shp_Parklots',34, 'xxxX_04', 'x_04', 'metre', 'Y-coordinate point 04'
191, 'PARKINGS', 'shp_Parklots',35, 'xxxY_04', 'y_04', 'metre', 'X-coordinate point 04'
192, 'PARKINGS', 'shp_Parklots',36, 'xxxX_05', 'x_05', 'metre', 'Y-coordinate point 05'
193, 'PARKINGS', 'shp_Parklots',37, 'xxxY_05', 'y_05', 'metre', 'X-coordinate point 05'
194, 'PARKINGS', 'shp_Parklots',38, 'xxxX_06', 'x_06', 'metre', 'Y-coordinate point 06'
195, 'PARKINGS', 'shp_Parklots',39, 'xxxY_06', 'y_06', 'metre', 'X-coordinate point 06'
196, 'PARKINGS', 'shp_Parklots',40, 'xxxX_07', 'x_07', 'metre', 'Y-coordinate point 07'
197, 'PARKINGS', 'shp_Parklots',41, 'xxxY_07', 'y_07', 'metre', 'X-coordinate point 07'
198, 'PARKINGS', 'shp_Parklots',42, 'xxxX_08', 'x_08', 'metre', 'Y-coordinate point 08'
199, 'PARKINGS', 'shp_Parklots',43, 'xxxY_08', 'y_08', 'metre', 'X-coordinate point 08'
200, 'PARKINGS', 'shp_Parklots',44, 'xxxX_09', 'x_09', 'metre', 'Y-coordinate point 09'
201, 'PARKINGS', 'shp_Parklots',45, 'xxxY_09', 'y_09', 'metre', 'X-coordinate point 09'
202, 'PARKINGS', 'shp_Parklots',46, 'xxxX_10', 'x_10', 'metre', 'Y-coordinate point 10'
203, 'PARKINGS', 'shp_Parklots',47, 'xxxY_10', 'y_10', 'metre', 'X-coordinate point 10'
204, 'PARKINGS', 'shp_Parklots',48, 'xxxX_11', 'x_11', 'metre', 'Y-coordinate point 11'
205, 'PARKINGS', 'shp_Parklots',49, 'xxxY_11', 'y_11', 'metre', 'X-coordinate point 11'
206, 'PARKINGS', 'shp_Parklots',50, 'xxxX_12', 'x_12', 'metre', 'Y-coordinate point 12'
207, 'PARKINGS', 'shp_Parklots',51, 'xxxY_12', 'y_12', 'metre', 'X-coordinate point 12'
208, 'PARKINGS', 'shp_Parklots',52, 'xxxX_13', 'x_13', 'metre', 'Y-coordinate point 13'
209, 'PARKINGS', 'shp_Parklots',53, 'xxxY_13', 'y_13', 'metre', 'X-coordinate point 13'
210, 'PARKINGS', 'shp_Parklots',54, 'xxxX_14', 'x_14', 'metre', 'Y-coordinate point 14'
211, 'PARKINGS', 'shp_Parklots',55, 'xxxY_14', 'y_14', 'metre', 'X-coordinate point 14'
212, 'PARKINGS', 'shp_Parklots',56, 'xxxX_15', 'x_15', 'metre', 'Y-coordinate point 15'
213, 'PARKINGS', 'shp_Parklots',57, 'xxxY_15', 'y_15', 'metre', 'X-coordinate point 15'
214, 'PARKINGS', 'shp_Parklots',58, 'xxxX_16', 'x_16', 'metre', 'Y-coordinate point 16'
215, 'PARKINGS', 'shp_Parklots',59, 'xxxY_16', 'y_16', 'metre', 'X-coordinate point 16'
216, 'PARKINGS', 'shp_Parklots',60, 'xxxX_17', 'x_17', 'metre', 'Y-coordinate point 17'
217, 'PARKINGS', 'shp_Parklots',61, 'xxxY_17', 'y_17', 'metre', 'X-coordinate point 17'
218, 'PARKINGS', 'shp_Parklots',62, 'xxxX_18', 'x_18', 'metre', 'Y-coordinate point 18'
219, 'PARKINGS', 'shp_Parklots',63, 'xxxY_18', 'y_18', 'metre', 'X-coordinate point 18'
220, 'PARKINGS', 'shp_Parklots',64, 'xxxX_19', 'x_19', 'metre', 'Y-coordinate point 19'
221, 'PARKINGS', 'shp_Parklots',65, 'xxxY_19', 'y_19', 'metre', 'Y-coordinate point 19'
222, 'PARKINGS', 'shp_Parklots',66, 'xxxX_20', 'x_20', 'metre', 'X-coordinate point 20'
223, 'PARKINGS', 'shp_Parklots',67, 'xxxY_20', 'y_20', 'metre', 'Y-coordinate point 20'
224, 'QUEUES', 'shp_Queues',1, 'tbxRunwayName', 'runway_id', '', 'Runway name (nnc-nnc)'
225, 'QUEUES', 'shp_Queues',2, 'chkInStudy', 'instudy', '', 'Include in study?'
226, 'RECEPTORS', 'shp_Receptors',1, 'tbxReceptorName', 'receptor_Id', NULL, 'Receptor network identifier (max 8 characters)'
227, 'RECEPTORS', 'shp_Receptors',2, 'cbxReceptorType', 'rcptr_type', NULL, 'Receptor network type (POINT CARTESIAN or POLAR)'
228, 'RECEPTORS', 'shp_Receptors',3, 'tbxX', 'x0', 'metre', 'Receptor network origin X coordinate'
229, 'RECEPTORS', 'shp_Receptors',4, 'tbxY', 'y0', 'metre', 'Receptor network origin Y coordinate'
230, 'RECEPTORS', 'shp_Receptors',5, 'tbxHeight', 'Height', 'metre', 'Receptor height above ground'
231, 'RECEPTORS', 'shp_Receptors',6, 'tbxStart1', 'start1', 'metre', 'Polar network distance first ring from origin'
232, 'RECEPTORS', 'shp_Receptors',7, 'tbxSpacing1', 'spacing1', 'metre', 'X direction spacing in metres or ring spacing in metres'
233, 'RECEPTORS', 'shp_Receptors',8, 'tbxCount1', 'count1', NULL, 'Number of X-axis receptors or number of rings'
234, 'RECEPTORS', 'shp_Receptors',9, 'tbxStart2', 'start2', 'degree', 'Polar network starting direction in degrees relative to North (1 to 360)'
235, 'RECEPTORS', 'shp_Receptors',10, 'tbxSpacing2', 'spacing2', NULL, 'Y direction spacing in metres or direction increment in degrees'
236, 'RECEPTORS', 'shp_Receptors',11, 'tbxCount2', 'count2', NULL, 'Number of Y-axis receptors or number of directions'
237, 'RECEPTORS', 'shp_Receptors',12, 'chkInStudy', 'instudy', NULL, 'Include in study?'
238, 'RECEPTORS', 'shp_Receptors',13, 'tbxReceptorCount', 'receptors', NULL, 'Number of receptor in network'
239, 'ROADWAYS', 'shp_Roadways',1, 'tbxRoadwayName', 'roadway_id', '', 'Roadway Name'
240, 'ROADWAYS', 'shp_Roadways',2, 'tbxX1', 'x1', 'metre', 'Start point x-coordinate (m)'
241, 'ROADWAYS', 'shp_Roadways',3, 'tbxY1', 'y1', 'metre', 'Start point y-coordinate (m)'
242, 'ROADWAYS', 'shp_Roadways',4, 'tbxX2', 'x2', 'metre', 'End point x-coordinate (m)'
243, 'ROADWAYS', 'shp_Roadways',5, 'tbxY2', 'y2', 'metre', 'End point y-coordinate (m)'
244, 'ROADWAYS', 'shp_Roadways',6, 'tbxHeight', 'height', 'metre', 'Height above or below airport elevation (m)'
245, 'ROADWAYS', 'shp_Roadways',7, 'tbxTravelDistance', 'distance', 'metre', 'Road length  (m)'
246, 'ROADWAYS', 'shp_Roadways',8, 'cbxRoadwaySpeed', 'speed', 'kilometre/hour', 'Average vehicle speed (km/h)'
247, 'ROADWAYS', 'shp_Roadways',9, 'cbxRoadScenario', 'scenario', '', 'Lasport road scenario '
248, 'ROADWAYS', 'shp_Roadways',10, 'tbxLightPercent', 'veh_light', '', 'percentage light vehicles (%) e.g. cars'
249, 'ROADWAYS', 'shp_Roadways',11, 'tbxMediumPercent', 'veh_medium', '', 'percentage medium vehicles (%) e.g. delivery vehicles'
250, 'ROADWAYS', 'shp_Roadways',12, 'tbxHeavyPercent', 'veh_heavy', '', 'percentage heavy vehicles (%) e.g. trucks and buses'
251, 'ROADWAYS', 'shp_Roadways',13, 'tbxYearUnits', 'veh_year', '', 'Annual number of vehicles'
252, 'ROADWAYS', 'shp_Roadways',14, 'tbxHourUnits', 'veh_hour', '', 'Peak-hour number of vehicles'
253, 'ROADWAYS', 'shp_Roadways',15, 'chkYearHour', 'year_hour', '', 'Define operation by year or by peak-hour?'
254, 'ROADWAYS', 'shp_Roadways',16, 'cbxHourly', 'hour_prof', '', 'Hourly operational profile'
255, 'ROADWAYS', 'shp_Roadways',17, 'cbxDaily', 'daily_prof', '', 'Daily operational profile'
256, 'ROADWAYS', 'shp_Roadways',18, 'cbxMonthly', 'month_prof', '', 'Monthly operational profile'
257, 'ROADWAYS', 'shp_Roadways',19, 'tbxCO', 'co_gm_km', 'gram/kilometre', 'Carbon Monoxide (g/km)'
258, 'ROADWAYS', 'shp_Roadways',20, 'tbxHC', 'hc_gm_km', 'gram/kilometre', 'Hydrocarbons (g/km)'
259, 'ROADWAYS', 'shp_Roadways',21, 'tbxNOx', 'nox_gm_km', 'gram/kilometre', 'Nitrogen oxides (g/km)'
260, 'ROADWAYS', 'shp_Roadways',22, 'tbxSOx', 'sox_gm_km', 'gram/kilometre', 'Sulfur Oxides (g/km)'
261, 'ROADWAYS', 'shp_Roadways',23, 'tbxPM10', 'pm10_gm_km', 'gram/kilometre', 'Particulate matter (g/km)'
262, 'ROADWAYS', 'shp_Roadways',24, 'tbxP1', 'p1_gm_km', 'gram/kilometre', 'Additional user defined pollutant 1 (g/km)'
263, 'ROADWAYS', 'shp_Roadways',25, 'tbxP2', 'p2_gm_km', 'gram/kilometre', 'Additional user defined pollutant 2 (g/km)'
264, 'ROADWAYS', 'shp_Roadways',26, 'tbxMethod', 'method', '', 'Calculation method used for emissions'
265, 'ROADWAYS', 'shp_Roadways',27, 'chkUserEdit', 'user_edit', '', 'Emissions edited by user'
266, 'ROADWAYS', 'shp_Roadways',28, 'chkInStudy', 'instudy', '', 'Include in study?'
267, 'RUNWAYS', 'shp_Runways',1, 'tbxRunwayName', 'runway_id', '', 'Runway name (aaa-bbb)'
268, 'RUNWAYS', 'shp_Runways',2, 'tbxX1', 'x1', 'metre', 'Start point x-coordinate (m)'
269, 'RUNWAYS', 'shp_Runways',3, 'tbxY1', 'y1', 'metre', 'Start point y-coordinate (m)'
270, 'RUNWAYS', 'shp_Runways',4, 'tbxX2', 'x2', 'metre', 'End point x-coordinate (m)'
271, 'RUNWAYS', 'shp_Runways',5, 'tbxY2', 'y2', 'metre', 'End point y-coordinate (m)'
272, 'RUNWAYS', 'shp_Runways',6, 'tbxQ1X', 'q1x', 'metre', 'Queue'
273, 'RUNWAYS', 'shp_Runways',7, 'tbxQ1Y', 'q1y', 'metre', 'Queue'
274, 'RUNWAYS', 'shp_Runways',8, 'tbxQ2X', 'q2x', 'metre', 'Queue'
275, 'RUNWAYS', 'shp_Runways',9, 'tbxQ2Y', 'q2y', 'metre', 'Queue'
276, 'RUNWAYS', 'shp_Runways',10, 'tbxQueueTime', 'qtime', 'minute', 'Queue Time'
277, 'RUNWAYS', 'shp_Runways',11, 'tbxHourCapacity', 'capacity', '', 'maximum number of departures per hour for runway'
278, 'RUNWAYS', 'shp_Runways',12, 'tbxMaxSpeed', 'qmaxspeed', 'kilometre/hour', 'maximum aircraft taxi speed in queue (km/h)'
279, 'RUNWAYS', 'shp_Runways',13, 'tbxTouchdown', 'touchdown', 'metre', 'Distance of touchdown point from runway start'
280, 'RUNWAYS', 'shp_Runways',14, 'chkInStudy', 'instudy', '', 'Include in study?'
281, 'RUNWAYS', 'shp_Runways',15, 'cbxHourlyTime', 'qtimeprof', '', 'Queue Time hourly Profile'
282, 'RUNWAYS', 'shp_Runways',16, 'cbxHourlyLength', 'qlenprof', '', 'Queue Length hourly Profile'
283, 'STATIONARY_SOURCES', 'shp_Statnry',1, 'tbxStationaryName', 'source_id', '', 'Stationary source name'
284, 'STATIONARY_SOURCES', 'shp_Statnry',2, 'tbxX', 'x', 'metre', 'Point x-coordinate (m)'
285, 'STATIONARY_SOURCES', 'shp_Statnry',3, 'tbxY', 'y', 'metre', 'Point y-coordinate (m)'
286, 'STATIONARY_SOURCES', 'shp_Statnry',4, 'tbxHeight', 'height', 'metre', 'Source height (m)'
287, 'STATIONARY_SOURCES', 'shp_Statnry',5, 'cbxStationaryCategory', 'category', '', 'Stationary Category code'
288, 'STATIONARY_SOURCES', 'shp_Statnry',6, 'cbxType', 'type', '', 'Type code'
289, 'STATIONARY_SOURCES', 'shp_Statnry',7, 'tbxSubstance', 'substance', '', 'Substance phase code (1'
290, 'STATIONARY_SOURCES', 'shp_Statnry',8, 'tbxTemperature', 'temperatur', 'celsius', 'Exhaust temperature (degrees C)'
291, 'STATIONARY_SOURCES', 'shp_Statnry',9, 'tbxDiameter', 'diameter', 'metre', 'Inner stack diameter at exhaust vent (m)'
292, 'STATIONARY_SOURCES', 'shp_Statnry',10, 'tbxVelocity', 'velocity', 'metre/second', 'Exhaust initial velocity (m/s)'
293, 'STATIONARY_SOURCES', 'shp_Statnry',11, 'tbxYearUnits', 'ops_year', '', 'Annual number of Tons'
294, 'STATIONARY_SOURCES', 'shp_Statnry',12, 'tbxHourUnits', 'ops_hour', '', 'Peak-hour number of Tons'
295, 'STATIONARY_SOURCES', 'shp_Statnry',13, 'chkYearHour', 'year_hour', '', 'Define operation by year or by peak-hour?'
296, 'STATIONARY_SOURCES', 'shp_Statnry',14, 'cbxHourly', 'hour_prof', '', 'Hourly operational profile'
297, 'STATIONARY_SOURCES', 'shp_Statnry',15, 'cbxDaily', 'daily_prof', '', 'Daily operational profile'
298, 'STATIONARY_SOURCES', 'shp_Statnry',16, 'cbxMonthly', 'month_prof', '', 'Monthly operational profile'
299, 'STATIONARY_SOURCES', 'shp_Statnry',17, 'tbxCO', 'co_kg_k', 'kilogram', 'Carbon Monoxide (kg/t'
300, 'STATIONARY_SOURCES', 'shp_Statnry',18, 'tbxHC', 'hc_kg_k', 'kilogram', 'Hydrocarbons (kg/t'
301, 'STATIONARY_SOURCES', 'shp_Statnry',19, 'tbxNOx', 'nox_kg_k', 'kilogram', 'Nitrogen oxides (kg/t'
302, 'STATIONARY_SOURCES', 'shp_Statnry',20, 'tbxSOx', 'sox_kg_k', 'kilogram', 'Sulfur Oxides (kg/t'
303, 'STATIONARY_SOURCES', 'shp_Statnry',21, 'tbxPM10', 'pm10_kg_k', 'kilogram', 'Particulate matter (kg/t'
304, 'STATIONARY_SOURCES', 'shp_Statnry',22, 'tbxP1', 'p1_kg_k', NULL, 'Additional user defined pollutant 1 (kg/unit)'
305, 'STATIONARY_SOURCES', 'shp_Statnry',23, 'tbxP2', 'p1_kg_k', NULL, 'Additional user defined pollutant 2 (kg/unit)'
306, 'STATIONARY_SOURCES', 'shp_Statnry',24, 'chkUserEdit', 'user_edit', '', 'Emissions edited by user?'
307, 'STATIONARY_SOURCES', 'shp_Statnry',25, 'chkInStudy', 'instudy', '', 'Include in study?'
308, 'TAXIWAYS', 'shp_Taxiways',1, 'tbxTaxiwayName', 'taxiway_id', '', 'Taxiway name'
309, 'TAXIWAYS', 'shp_Taxiways',2, 'tbxX1', 'x1', 'metre', 'Start point x-coordinate (m)'
310, 'TAXIWAYS', 'shp_Taxiways',3, 'tbxY1', 'y1', 'metre', 'Start point y-coordinate (m)'
311, 'TAXIWAYS', 'shp_Taxiways',4, 'tbxX2', 'x2', 'metre', 'End point x-coordinate (m)'
312, 'TAXIWAYS', 'shp_Taxiways',5, 'tbxY2', 'y2', 'metre', 'End point y-coordinate (m)'
313, 'TAXIWAYS', 'shp_Taxiways',6, 'tbxSpeed', 'speed', 'kilometre/hour', 'Average aircraft taxi speed (km/h)'
314, 'TAXIWAYS', 'shp_Taxiways',7, 'tbxTime', 'time', 'minute', 'Average aircraft taxi time (minutes)'
315, 'TAXIWAYS', 'shp_Taxiways',8, 'chkInStudy', 'instudy', '', 'Include in study?'
316, 'APU_EMISSION', 'tbl_AcApu_EF',1, 'xxxApuId', 'apu_id', NULL, NULL
317, 'ENGINE_EMISSION', 'tbl_AcEngine_EI',1, 'xxxEngineID', 'eng_name', NULL, 'Aircraft engine type identifier'
318, 'ENGINE_EMISSION', 'tbl_AcEngine_EI',2, 'xxxThrust', 'thrust', NULL, 'Thrust power setting ( 7% 30% 85% or 100%)'
319, 'ENGINE_EMISSION', 'tbl_AcEngine_EI',3, 'xxxMode', 'mode', NULL, 'Aircraft engine mode e.g. TX TO CL or AP'
320, 'ENGINE_EMISSION', 'tbl_AcEngine_EI',4, 'xxxFuel', 'fuel_kg_s', NULL, 'Fuel flow (kg fuel per second)'
321, 'ENGINE_EMISSION', 'tbl_AcEngine_EI',5, 'xxxCO', 'co_ei', NULL, 'CO emission index (g CO per kg Fuel)'
322, 'ENGINE_EMISSION', 'tbl_AcEngine_EI',6, 'xxxHC', 'hc_ei', NULL, 'HC emission index (g HC per kg Fuel)'
323, 'ENGINE_EMISSION', 'tbl_AcEngine_EI',7, 'xxxNOx', 'nox_ei', NULL, 'NOx emission index (g NOx per kg Fuel)'
324, 'ENGINE_EMISSION', 'tbl_AcEngine_EI',8, 'xxxSOx', 'sox_ei', NULL, 'SOx emission index (g SOx per kg Fuel)'
325, 'ENGINE_EMISSION', 'tbl_AcEngine_EI',9, 'xxxPM10', 'pm10_ei', NULL, 'PM10 emission index (g PM10 per kg Fuel)'
326, 'ENGINE_EMISSION', 'tbl_AcEngine_EI',10, 'xxxP1', 'p1_ei', NULL, 'User defined pollutant 1 emission factor (g P1 per kg Fuel)'
327, 'ENGINE_EMISSION', 'tbl_AcEngine_EI',11, 'xxxP2', 'p2_ei', NULL, 'User defined pollutant 1 emission factor (g P2 per kg Fuel)'
328, 'ENGINE_MODE', 'tbl_AcEngineMode',1, 'xxxMode', 'mode', NULL, 'Aircraft engine mode e.g. TX TO CL or AP'
329, 'ENGINE_MODE', 'tbl_AcEngineMode',2, 'xxxThrust', 'thrust', NULL, 'Thrust power setting (e.g  7% 30% 85% or 100%)'
330, 'ENGINE_MODE', 'tbl_AcEngineMode',3, 'xxxDescription', 'description', NULL, 'Mode description'
331, 'MOVEMENTS_TABLE', 'tbl_AcMovement',1, 'xxxDateTime', 'date_time', NULL, 'Movement date and time'
332, 'MOVEMENTS_TABLE', 'tbl_AcMovement',2, 'xxxBlockTime', 'block_time', NULL, 'On block time for arrivals off block time for departures (optional)'
333, 'MOVEMENTS_TABLE', 'tbl_AcMovement',3, 'xxxAcRegistration', 'ac_reg', NULL, 'Aircraft registration (optional)'
334, 'MOVEMENTS_TABLE', 'tbl_AcMovement',4, 'xxxAircraft', 'aircraft', NULL, 'Aircraft type (e.g. ICAO code)'
335, 'MOVEMENTS_TABLE', 'tbl_AcMovement',5, 'xxxGate', 'gate', NULL, 'Gate or Aircraft Parking/Stand'
336, 'MOVEMENTS_TABLE', 'tbl_AcMovement',6, 'xxxDep_Arr', 'dep_arr', NULL," 'Departure/Arrival 1 letter code i.e. ""A"" or ""D""'"
337, 'MOVEMENTS_TABLE', 'tbl_AcMovement',7, 'xxxRunway', 'runway', NULL, 'Runway end'
338, 'MOVEMENTS_TABLE', 'tbl_AcMovement',8, 'xxxEngineID', 'eng_name', NULL, 'Engine identifier (optional)'
339, 'MOVEMENTS_TABLE', 'tbl_AcMovement',9, 'xxxProfileID', 'profile_id', NULL, 'Vertical profile identifier (optional)'
340, 'MOVEMENTS_TABLE', 'tbl_AcMovement',10, 'xxxTrackID', 'track_id', NULL, 'Horizontal track indetifier (optional)'
341, 'MOVEMENTS_TABLE', 'tbl_AcMovement',11, 'xxxTaxiRoute', 'taxi_route', NULL, 'Taxi route instance for gate/runway/arrival-departure status combination (optional)'
342, 'AIRCRAFT_PROFILE', 'tbl_AcProfile',1, 'xxxProfileID', 'profile_id', NULL, 'EDMS profile identifier'
343, 'AIRCRAFT_PROFILE', 'tbl_AcProfile',3, 'xxxHorizontal', 'horiz_m', 'metre', 'Horizontal distance'
344, 'AIRCRAFT_PROFILE', 'tbl_AcProfile',4, 'xxxVertical', 'vert_m', 'metre', 'Elevation above runway (m)'
345, 'AIRCRAFT_PROFILE', 'tbl_AcProfile',5, 'xxxSpeed', 'tas_ms', 'm/s', 'True air speed (m/s)'
346, 'AIRCRAFT_PROFILE', 'tbl_AcProfile',6, 'xxxThrustPower', 'power', NULL, 'Thrust power setting ( 7% 30% 85% or 100%) not used for info only'
347, 'AIRCRAFT_PROFILE', 'tbl_AcProfile',7, 'xxxMode', 'mode', NULL, 'AP: Approach & landing roll CL: Climb-out TO: Takeoff roll'
348, 'AIRCRAFT_PROFILE', 'tbl_AcProfile',8, 'xxxDep_Arr', 'arr_dep', NULL, 'Departure/Arrival code (A or D)'
349, 'AIRCRAFT_PROFILE', 'tbl_AcProfile',9, 'xxxPoint', 'point', NULL, 'Sequential point position in profile'
350, 'AIRCRAFT_REGISTRATION', 'tbl_AcRegistration',1, 'xxxAcRegistration', 'ac_reg', NULL, 'Aircraft registration'
351, 'AIRCRAFT_REGISTRATION', 'tbl_AcRegistration',2, 'xxxAircraft', 'icao', NULL, 'ICAO code for airframe'
352, 'AIRCRAFT_REGISTRATION', 'tbl_AcRegistration',3, 'xxxEngineCount', 'eng_count', NULL, 'Number of engines'
353, 'AIRCRAFT_REGISTRATION', 'tbl_AcRegistration',4, 'xxxEngineID', 'eng_name', NULL, 'Engine identifgier'
354, 'AIRCRAFT_START', 'tbl_AcStart_Ef',1, 'cbxAircraftGroup', 'ac_group', NULL, 'Aircraft Group'
355, 'AIRCRAFT_START', 'tbl_AcStart_Ef',2, 'xxxCO', 'co', 'gram', 'CO g/aircraft'
356, 'AIRCRAFT_START', 'tbl_AcStart_Ef',3, 'xxxHC', 'hc', 'gram', 'HC g/aircraft'
357, 'AIRCRAFT_START', 'tbl_AcStart_Ef',4, 'xxxNOx', 'nox', 'gram', 'NOx g/aircraft'
358, 'AIRCRAFT_START', 'tbl_AcStart_Ef',5, 'xxxSOx', 'sox', 'gram', 'SOx g/aircraft'
359, 'AIRCRAFT_START', 'tbl_AcStart_Ef',6, 'xxxPM10', 'pm10', 'gram', 'PM10 g/aircraft'
360, 'AIRCRAFT_START', 'tbl_AcStart_Ef',7, 'xxxP1', 'p1', 'gram', 'P2 g/aircraft'
361, 'AIRCRAFT_START', 'tbl_AcStart_Ef',8, 'xxxP2', 'p2', 'gram', 'P1 g/aircraft'
362, 'TOW_EMISSION', 'tbl_AcTow_EF',1, 'xxxAcGroup', 'ac_group', NULL, NULL
363, 'AIRCRAFT', 'tbl_Aircraft',1, 'xxxAircraft', 'icao', NULL, 'ICAO code for airframe'
364, 'AIRCRAFT', 'tbl_Aircraft',2, 'xxxAircraftGroup', 'ac_group', NULL, 'Aircraft group'
365, 'AIRCRAFT', 'tbl_Aircraft',3, 'xxxEngineCount', 'eng_count', NULL, 'Number of engines'
366, 'AIRCRAFT', 'tbl_Aircraft',4, 'xxxEngineID', 'engine', NULL, 'EDMS Engine identifier'
367, 'AIRCRAFT', 'tbl_Aircraft',5, 'xxxDepartureProfile', 'dep_prof', NULL, 'EDMS departure profile identifier'
368, 'AIRCRAFT', 'tbl_Aircraft',6, 'xxxArrivalProfile', 'arr_prof', NULL, 'EDMS arrival profile identifier'
369, 'AIRPORT', 'tbl_Airport',1, 'cbxAirportID', 'aprt_id', NULL, 'Airport ICAO 4 letter identifier'
370, 'AIRPORT', 'tbl_Airport',2, 'tbxAirportName', 'name', NULL, 'Airport name'
371, 'AIRPORT', 'tbl_Airport',3, 'tbxCountry', 'country', NULL, 'Country code'
372, 'AIRPORT', 'tbl_Airport',4, 'tbxLatitude', 'latitude', 'degrees', 'Airport latitude'
373, 'AIRPORT', 'tbl_Airport',5, 'tbxLongitude', 'longitude', 'degrees', 'Airport longitude'
374, 'AIRPORT', 'tbl_Airport',6, 'tbxElevation_ft', 'elevation', 'foot', 'Airport elevation'
375, 'CITEPA1', 'tbl_Citepa_Category',1, 'xxxCategory', 'category', NULL, NULL
376, 'CITEPA1', 'tbl_Citepa_Category',2, 'xxxPetrol', 'petrol', NULL, NULL
377, 'CITEPA1', 'tbl_Citepa_Category',3, 'xxxDiesel', 'diesel', NULL, NULL
378, 'CITEPA1', 'tbl_Citepa_Category',4, 'xxxLPG', 'lpg', NULL, NULL
379, 'CITEPA2', 'tbl_Citepa_EF',1, 'xxxCategory', 'category', NULL, NULL
380, 'CITEPA2', 'tbl_Citepa_EF',2, 'xxxFuelType', 'fuel', NULL, NULL
381, 'CITEPA2', 'tbl_Citepa_EF',3, 'xxxAverageSpeed', 'speed', 'km/s', NULL
382, 'CITEPA2', 'tbl_Citepa_EF',4, 'xxxCoCold', 'co_c', NULL, NULL
383, 'CITEPA2', 'tbl_Citepa_EF',5, 'xxxCoHot', 'co_h', NULL, NULL
384, 'CITEPA2', 'tbl_Citepa_EF',6, 'xxxVocCold', 'voc_c', NULL, NULL
385, 'CITEPA2', 'tbl_Citepa_EF',7, 'xxxVocHot', 'voc_h', NULL, NULL
386, 'CITEPA2', 'tbl_Citepa_EF',8, 'xxxVocHotSoak', 'voc_hs', NULL, NULL
387, 'CITEPA2', 'tbl_Citepa_EF',9, 'xxxVocDiurnal', 'voc_de', NULL, NULL
388, 'CITEPA2', 'tbl_Citepa_EF',10, 'xxxVocRunningLoss', 'voc_rl', NULL, NULL
389, 'CITEPA2', 'tbl_Citepa_EF',11, 'xxxNoxCold', 'nox_c', NULL, NULL
390, 'CITEPA2', 'tbl_Citepa_EF',12, 'xxxNoxHot', 'nox_h', NULL, NULL
391, 'CITEPA2', 'tbl_Citepa_EF',13, 'xxxCH4', 'ch4', NULL, NULL
392, 'CITEPA2', 'tbl_Citepa_EF',14, 'xxxCO2', 'co2', NULL, NULL
393, 'CITEPA2', 'tbl_Citepa_EF',15, 'xxxN2O', 'n2o', NULL, NULL
394, 'CITEPA2', 'tbl_Citepa_EF',16, 'xxxNH3', 'nh3', NULL, NULL
395, 'CITEPA2', 'tbl_Citepa_EF',17, 'xxxSO2', 'so2', NULL, NULL
396, 'CLASS_BREAK', 'tbl_ClassBreak',1, 'xxxClassId', 'class_id', NULL, 'Colour ramp identifier'
397, 'CLASS_BREAK', 'tbl_ClassBreak',2, 'xxxMinValue', 'min_value', NULL, 'Category minimum value'
398, 'CLASS_BREAK', 'tbl_ClassBreak',3, 'xxxMaxValue', 'max_value', NULL, 'Category maximum value'
399, 'CLASS_BREAK', 'tbl_ClassBreak',4, 'xxxLabel', 'label', NULL, 'Category label'
400, 'CLASS_BREAK', 'tbl_ClassBreak',5, 'xxxRgbRed', 'rgb_red', NULL, 'RGB red value'
401, 'CLASS_BREAK', 'tbl_ClassBreak',6, 'xxxRgbGreen', 'rgb_green', NULL, 'RGB green value'
402, 'CLASS_BREAK', 'tbl_ClassBreak',7, 'xxxRgbBlue', 'rgb_blue', NULL, 'RGB blue value'
403, 'VEHICLE_FLEET', 'tbl_Cost319_VehicleFleet',1, 'cbxVehicleFleetCountry', 'country', NULL, 'Vehicle fleet country two letter code'
404, 'DAILY_PROFILE', 'tbl_Day_Prof',1, 'cbxDayProfileName', 'prof_name', '', 'Daily Profile Name'
405, 'DAILY_PROFILE', 'tbl_Day_Prof',2, 'tbxMon', 'mon', '', 'Monday'
406, 'DAILY_PROFILE', 'tbl_Day_Prof',3, 'tbxTue', 'tue', '', 'Tuesday'
407, 'DAILY_PROFILE', 'tbl_Day_Prof',4, 'tbxWed', 'wed', '', 'Wednesday'
408, 'DAILY_PROFILE', 'tbl_Day_Prof',5, 'tbxThu', 'thu', '', 'Thursday'
409, 'DAILY_PROFILE', 'tbl_Day_Prof',6, 'tbxFri', 'fri', '', 'Friday'
410, 'DAILY_PROFILE', 'tbl_Day_Prof',7, 'tbxSat', 'sat', '', 'Saturday'
411, 'DAILY_PROFILE', 'tbl_Day_Prof',8, 'tbxSun', 'sun', '', 'Sunday'
412, 'EDMS', 'tbl_EdmsMobile5A',1, 'xxxYear', 'year', NULL, 'Vehicle fleet year'
413, 'EDMS', 'tbl_EdmsMobile5A',2, 'xxxAltitude', 'alt', 'feet', 'Altitude'
414, 'EDMS', 'tbl_EdmsMobile5A',3, 'xxxTemperature', 'temp', 'fahrenheit', 'Average temperature'
415, 'EDMS', 'tbl_EdmsMobile5A',4, 'xxxSpeed', 'speed', 'miles/hour', 'Average speed'
416, 'EDMS', 'tbl_EdmsMobile5A',5, 'xxxCO', 'co_gm/m', 'gram/mile', NULL
417, 'EDMS', 'tbl_EdmsMobile5A',6, 'xxxHC', 'hc_gm/m', 'gram/mile', NULL
418, 'EDMS', 'tbl_EdmsMobile5A',7, 'xxxNOx', 'nox_gm/m', 'gram/mile', NULL
419, 'EDMS', 'tbl_EdmsMobile5A',8, 'xxxSOx', 'sox_gm/m', 'gram/mile', NULL
420, 'EDMS', 'tbl_EdmsMobile5A',9, 'xxxPM10', 'part_gm/m', 'gram/mile', NULL
421, 'EMISSION_DYNAMICS', 'tbl_EmissionDynamics',1, 'xxxDynamicsId', 'dynamics_id', NULL, 'Emission Dynamics Identifier'
422, 'EMISSION_DYNAMICS', 'tbl_EmissionDynamics',2, 'xxxWidth', 'width', 'metre', 'horizontal width of the line sources for aircraft emissions'
423, 'EMISSION_DYNAMICS', 'tbl_EmissionDynamics',3, 'xxxHeight', 'height', 'metre', 'vertical width of the line sources for aircraft emissions'
424, 'EMISSION_DYNAMICS', 'tbl_EmissionDynamics',4, 'xxxShift', 'shift', 'metre', 'vertical displacement of the line source of aircraft emissions due to the influence of wing vortices'
425, 'EMISSION_DYNAMICS', 'tbl_EmissionDynamics',5, 'xxxSigHor', 'sighor', 'metre/second', 'Inititial velocity fluctuations of the turbine exhaust plume in the horizontal perpendicular to the direction of motion'
426, 'EMISSION_DYNAMICS', 'tbl_EmissionDynamics',6, 'xxxSigLon', 'siglon', 'metre/second', 'Inititial velocity fluctuations of the turbine exhaust plume along the direction the aircraft motion'
427, 'EMISSION_DYNAMICS', 'tbl_EmissionDynamics',7, 'xxxSigVer', 'sigver', 'metre/second', 'Perpendicular to SigLon and SigHor'
428, 'EMISSION_DYNAMICS', 'tbl_EmissionDynamics',8, 'xxxExitVel', 'exitvel', 'metre/second', 'Initial mean exit velocity of the turbine exhaust plume opposite to the direction of the aircraft motion.'
429, 'EMISSION_DYNAMICS', 'tbl_EmissionDynamics',9, 'xxxSigTime', 'sigtime', 'second', 'Decay time for the quantities specified by SigLon SigHor SigVer and ExitVel'
430, 'EMISSION_DYNAMICS', 'tbl_EmissionDynamics',10, 'xxxHeatFlux', 'heatflux', 'megawatt', 'Heat Flux plume rise'
431, 'EMISSION_DYNAMICS', 'tbl_EmissionDynamics',11, 'xxxExitTemp', 'exittemp', 'celsius', 'Exit temperature'
432, 'EMISSION_DYNAMICS', 'tbl_EmissionDynamics',12, 'xxxDynName', 'dyn_name', NULL, 'Emission Dynamics Name'
433, 'EMISSION_DYNAMICS', 'tbl_EmissionDynamics',13, 'xxxSmshHorShift', 'smsh_horshift', 'metre', 'Horizontal shift for line sources +ve in same direction as movement -ve in opposite direction to movement'
434, 'EMISSION_DYNAMICS', 'tbl_EmissionDynamics',14, 'xxxSmshHorExt', 'smsh_horext', 'metre', 'Horzontal extend perpendicular to line source on each side of the line i.e. width = 2 x smsh_horext'
435, 'EMISSION_DYNAMICS', 'tbl_EmissionDynamics',15, 'xxxSmshVerShift', 'smsh_vershift', 'metre', 'Vertical shift for lower source edge'
436, 'EMISSION_DYNAMICS', 'tbl_EmissionDynamics',16, 'xxxSmshVerExt', 'smsh_verext', 'metre', 'Vertical extend of the smoothed & shifted source'
437, 'FUEL_EMISSION', 'tbl_FuelBurn_EF',1, 'cbxFuelType', 'fuel_name', NULL, NULL
438, 'FUEL_EMISSION', 'tbl_FuelBurn_EF',2, 'tbxCO', 'co_kg/g', NULL, NULL
439, 'FUEL_EMISSION', 'tbl_FuelBurn_EF',3, 'tbxHC', 'hc_kg/g', NULL, NULL
440, 'FUEL_EMISSION', 'tbl_FuelBurn_EF',4, 'tbxNOx', 'nox_kg/g', NULL, NULL
441, 'FUEL_EMISSION', 'tbl_FuelBurn_EF',5, 'tbxSOx', 'sox_kg/g', NULL, NULL
442, 'FUEL_EMISSION', 'tbl_FuelBurn_EF',6, 'tbxPM10', 'part_kg/g', NULL, NULL
443, 'GATE_EMISSION', 'tbl_Gate_EF',1, 'cbxGatetype', 'gate_type', NULL, NULL
444, 'GATE_EMISSION', 'tbl_Gate_EF',2, 'cbxAircraftGroup', 'ac_group', NULL, NULL
445, 'GATE_EMISSION', 'tbl_Gate_EF',3, 'xxxEmistype', 'emis_type', NULL, NULL
446, 'GATE_EMISSION', 'tbl_Gate_EF',4, 'xxxDeparture', 'departure', NULL, 'Time or percentage for departure GSE emissions'
447, 'GATE_EMISSION', 'tbl_Gate_EF',5, 'xxxArrival', 'arrival', NULL, 'Time or percentage for arrival GSE emissions'
448, 'GATE_EMISSION', 'tbl_Gate_EF',6, 'xxxCO', 'co', NULL, NULL
449, 'GATE_EMISSION', 'tbl_Gate_EF',7, 'xxxHC', 'hc', NULL, NULL
450, 'GATE_EMISSION', 'tbl_Gate_EF',8, 'xxxNOx', 'nox', NULL, NULL
451, 'GATE_EMISSION', 'tbl_Gate_EF',9, 'xxxSOx', 'sox', NULL, NULL
452, 'GATE_EMISSION', 'tbl_Gate_EF',10, 'xxxPM10', 'pm10', NULL, NULL
453, 'GATE_EMISSION', 'tbl_Gate_EF',11, 'xxxP1', 'p1', NULL, NULL
454, 'GATE_EMISSION', 'tbl_Gate_EF',12, 'xxxP2', 'p2', NULL, NULL
455, 'GATE_SCENARIO', 'tbl_GateScen',1, 'cbxGateScenario', 'scenario', '', 'Gate Scenario define gate emission for each aircraft group'
456, 'GATE_SCENARIO', 'tbl_GateScen',2, 'cbxAircraftGroup', 'ac_group', '', 'Aircraft Group Code'
457, 'GATE_SCENARIO', 'tbl_GateScen',3, 'xxxAc_code', 'ac_code', '', 'Aircraft Group Code'
458, 'GATE_SCENARIO', 'tbl_GateScen',4, 'xxxEmisType', 'emis_type', '', 'Emission Source Type i.e. GSE'
459, 'GATE_SCENARIO', 'tbl_GateScen',5, 'cbxGateType', 'gate_type', '', ' Type of gate e.g. Terminal'
460, 'GATE_SCENARIO', 'tbl_GateScen',6, 'xxxDeparture', 'departure', '', 'Departure time in use or fraction for GSE'
461, 'GATE_SCENARIO', 'tbl_GateScen',7, 'xxxArrival', 'arrival', '', 'Arrival time in use or fraction for GSE'
462, 'GATE_SCENARIO', 'tbl_GateScen',8, 'xxxEmisUnit', 'emis_unit', '', 'Unit of emission kilogram per hour or kilogram per aircraft'
463, 'GATE_SCENARIO', 'tbl_GateScen',9, 'xxxCO', 'co', 'gram', 'Carbon Monoxide '
464, 'GATE_SCENARIO', 'tbl_GateScen',10, 'xxxHC', 'hc', 'gram', 'Hydrocarbons '
465, 'GATE_SCENARIO', 'tbl_GateScen',11, 'xxxNOx', 'nox', 'gram', 'Nitrogen oxides '
466, 'GATE_SCENARIO', 'tbl_GateScen',12, 'xxxSOx', 'sox', 'gram', 'Sulfur Oxides '
467, 'GATE_SCENARIO', 'tbl_GateScen',13, 'xxxPM10', 'pm10', 'gram', 'Particulate matter 10 micron'
468, 'GRID_DEFINITION', 'tbl_GridDefinition',1, 'xxxLayerSetId', 'layerset_id', NULL, 'Layer set Identifier for elevation interval'
469, 'GRID_DEFINITION', 'tbl_GridDefinition',2, 'xxxMaxElev', 'max_elev', 'metre', 'Max elevation above ground for elevation interval'
470, 'GRID_DEFINITION', 'tbl_GridDefinition',3, 'xxxNumLevels', 'num_levels', NULL, 'Number of levels in elevation interval'
471, 'GRID_DEFINITION', 'tbl_GridDefinition',4, 'xxxCellSize', 'cell_size', 'metre', 'Cell size in X and Y direction'
472, 'HOURLY_PROFILE', 'tbl_HourProf',1, 'cbxHourProfileName', 'prof_name', '', 'Hourly Profile Name'
473, 'HOURLY_PROFILE', 'tbl_HourProf',2, 'tbxH1', 'h01', '', 'Hour 1/24'
474, 'HOURLY_PROFILE', 'tbl_HourProf',3, 'tbxH2', 'h02', '', 'Hour 2/24'
475, 'HOURLY_PROFILE', 'tbl_HourProf',4, 'tbxH3', 'h03', '', 'Hour 3/24'
476, 'HOURLY_PROFILE', 'tbl_HourProf',5, 'tbxH4', 'h04', '', 'Hour 4'
477, 'HOURLY_PROFILE', 'tbl_HourProf',6, 'tbxH5', 'h05', '', 'Hour 5'
478, 'HOURLY_PROFILE', 'tbl_HourProf',7, 'tbxH6', 'h06', '', 'Hour 6'
479, 'HOURLY_PROFILE', 'tbl_HourProf',8, 'tbxH7', 'h07', '', 'Hour 7'
480, 'HOURLY_PROFILE', 'tbl_HourProf',9, 'tbxH8', 'h08', '', 'Hour 8'
481, 'HOURLY_PROFILE', 'tbl_HourProf',10, 'tbxH9', 'h09', '', 'Hour 9'
482, 'HOURLY_PROFILE', 'tbl_HourProf',11, 'tbxH10', 'h10', '', 'Hour 10'
483, 'HOURLY_PROFILE', 'tbl_HourProf',12, 'tbxH11', 'h11', '', 'Hour 11'
484, 'HOURLY_PROFILE', 'tbl_HourProf',13, 'tbxH12', 'h12', '', 'Hour 12'
485, 'HOURLY_PROFILE', 'tbl_HourProf',14, 'tbxH13', 'h13', '', 'Hour 13'
486, 'HOURLY_PROFILE', 'tbl_HourProf',15, 'tbxH14', 'h14', '', 'Hour 14'
487, 'HOURLY_PROFILE', 'tbl_HourProf',16, 'tbxH15', 'h15', '', 'Hour 15'
488, 'HOURLY_PROFILE', 'tbl_HourProf',17, 'tbxH16', 'h16', '', 'Hour 16'
489, 'HOURLY_PROFILE', 'tbl_HourProf',18, 'tbxH17', 'h17', '', 'Hour 17'
490, 'HOURLY_PROFILE', 'tbl_HourProf',19, 'tbxH18', 'h18', '', 'Hour 18'
491, 'HOURLY_PROFILE', 'tbl_HourProf',20, 'tbxH19', 'h19', '', 'Hour 19'
492, 'HOURLY_PROFILE', 'tbl_HourProf',21, 'tbxH20', 'h20', '', 'Hour 20'
493, 'HOURLY_PROFILE', 'tbl_HourProf',22, 'tbxH21', 'h21', '', 'Hour 21'
494, 'HOURLY_PROFILE', 'tbl_HourProf',23, 'tbxH22', 'h22', '', 'Hour 22'
495, 'HOURLY_PROFILE', 'tbl_HourProf',24, 'tbxH23', 'h23', '', 'Hour 23'
496, 'HOURLY_PROFILE', 'tbl_HourProf',25, 'tbxH24', 'h24', '', 'Hour 24'
497, 'INM_ALAQS', 'tbl_InmAlaqs',1, 'xxxInmId', 'inm_id', NULL, 'INM aircraft identifier'
498, 'INM_ALAQS', 'tbl_InmAlaqs',2, 'xxxAlaqsId', 'alaqs_id', NULL, 'ALAQS aircraft identifier (= ICAO 4 letter code)'
499, 'INM_ALAQS', 'tbl_InmAlaqs',3, 'xxxEngineID', 'eng_name', NULL, 'Engine identifier (derived from INM aircraft.dbf acft_descr )'
500, 'ROAD_SCENARIO', 'tbl_LasportRoad',1, 'cbxRoadScenario', 'scenario', NULL, 'LASPORT road scenarios'
501, 'LASPORT', 'tbl_LasportRoad',1, 'xxxCategory', 'vehicle_category', NULL, NULL
502, 'LASPORT', 'tbl_LasportRoad',2, 'xxxYear', 'year', NULL, NULL
503, 'LASPORT', 'tbl_LasportRoad',3, 'xxxScenario', 'scenario', NULL, 'Traffic scenario identifier'
504, 'LASPORT', 'tbl_LasportRoad',4, 'xxxHC', 'hc', NULL, NULL
505, 'LASPORT', 'tbl_LasportRoad',5, 'xxxCO', 'co', NULL, NULL
506, 'LASPORT', 'tbl_LasportRoad',6, 'xxxNOX', 'nox', NULL, NULL
507, 'LASPORT', 'tbl_LasportRoad',7, 'xxxPM10', 'pm10', NULL, NULL
508, 'LAYER_DEF', 'tbl_LayerDef',1, 'xxxLayerName', 'layer_name', NULL, 'Layer Name'
509, 'LAYER_DEF', 'tbl_LayerDef',2, 'xxxTableKey', 'table_key', NULL, 'Table key'
510, 'LAYER_DEF', 'tbl_LayerDef',3, 'xxxTableName', 'table_name', NULL, 'Table Name'
511, 'LAYER_DEF', 'tbl_LayerDef',4, 'xxxType', 'type', NULL, 'Geometry type or Table'
512, 'LAYER_DEF', 'tbl_LayerDef',5, 'xxxIdField', 'id_field', NULL, 'Identification field / feature name field'
513, 'LAYER_DEF', 'tbl_LayerDef',6, 'xxxCalcField', 'calculated_field', NULL, 'Calculated field e.g. number of points in polygon'
514, 'LAYER_DEF', 'tbl_LayerDef',7, 'xxxCoordFields', 'coords_fields', NULL, 'Co-ordinate fields for geometry'
515, 'LAYER_DEF', 'tbl_LayerDef',8, 'xxxRenderer', 'renderer', NULL, 'Object field defines how layers are represented'
516, 'MERGE_DEFINITION', 'tbl_MergeDefinition',1, 'xxxCategory', 'category', NULL, 'emission source category'
517, 'MERGE_DEFINITION', 'tbl_MergeDefinition',2, 'xxxCode', 'code', NULL, 'two letter code for category'
518, 'MERGE_DEFINITION', 'tbl_MergeDefinition',3, 'xxxShpTable', 'shp_table', NULL, 'name of the featureclass table i.e. SHP_ table'
519, 'MERGE_DEFINITION', 'tbl_MergeDefinition',4, 'xxxIdField', 'id_field', NULL, 'fielname for source identifiers/ source names'
520, 'MERGE_DEFINITION', 'tbl_MergeDefinition',5, 'xxxElevField', 'elev_field', NULL, 'elevation field name'
521, 'MERGE_DEFINITION', 'tbl_MergeDefinition',6, 'xxxType', 'type', NULL, 'merged source geometry typ:Polygon Rectangle Point or Block'
522, 'MERGE_DEFINITION', 'tbl_MergeDefinition',7, 'xxxSize', 'size', 'metre', 'Size parameters for merged geometry'
523, 'METEO_PROFILE', 'tbl_MeteoProfile',1, 'xxxHourId', 'hour_id', NULL, 'Hour identifier = serial number where start hour =0'
524, 'METEO_PROFILE', 'tbl_MeteoProfile',2, 'xxxDateHour', 'date_hour', NULL, 'Date and Hour of meteorological observation'
525, 'METEO_PROFILE', 'tbl_MeteoProfile',3, 'xxxHeight', 'height', 'metre', 'Measurement height (m)'
526, 'METEO_PROFILE', 'tbl_MeteoProfile',4, 'xxxTop', 'top', NULL, '1 if this is the last (i.e. highest) level for this hour or 0 otherwise'
527, 'METEO_PROFILE', 'tbl_MeteoProfile',5, 'xxxWindDirection', 'wind_direction', 'degrees', 'Wind direction at current level (degrees) direction at which the wind comes from relative to true North.'
528, 'METEO_PROFILE', 'tbl_MeteoProfile',6, 'xxxWindSpeed', 'wind_speed', 'm/s', 'Wind speed at the current level (m/s)'
529, 'METEO_PROFILE', 'tbl_MeteoProfile',7, 'xxxTemperature', 'temperature', 'Celsius', 'Temperature at the current level (degrees C)'
530, 'METEO_PROFILE', 'tbl_MeteoProfile',8, 'xxxWindDirStDev', 'wind_direction_stddev', 'degrees', 'Standard deviation of lateralv wind direction fluctuationsv(degrees)'
531, 'METEO_PROFILE', 'tbl_MeteoProfile',9, 'xxxWindSpeedStDev', 'wind_speed_stddev', 'm/s', 'Standard deviation of vertical wind speed fluctuations (m/s)'
532, 'METEO_SURFACE', 'tbl_MeteoSurface',1, 'xxxHourId', 'hour_id', NULL, 'Hour identifier = serial number where start hour =0'
533, 'METEO_SURFACE', 'tbl_MeteoSurface',2, 'xxxDateHour', 'date_hour', NULL, 'Date and Hour of meteorological observation'
534, 'METEO_SURFACE', 'tbl_MeteoSurface',3, 'xxxJulianDay', 'julian_day', NULL, 'Julian day'
535, 'METEO_SURFACE', 'tbl_MeteoSurface',4, 'xxxSensibleHeatFlux', 'sens_heat_flux','W/m2', 'xxxWindRefHeight'
536, 'METEO_SURFACE', 'tbl_MeteoSurface',5, 'xxxSurfFrictionVelocity', 'surf_friction_vel', 'm/s', 'Surface Friction Velocity (m/s)'
537, 'METEO_SURFACE', 'tbl_MeteoSurface',6, 'xxxConvVelocityScale', 'conv_vel_scale', 'm/s', 'Convective Velocity Scale (m/s)'
538, 'METEO_SURFACE', 'tbl_MeteoSurface',7, 'xxxVertPotTempGrad', 'vptg', NULL, 'Vertical potential temperature gradient in the 500m layer obove PBL'
539, 'METEO_SURFACE', 'tbl_MeteoSurface',8, 'xxxHeightConvBdry', 'height_conv_bdry', NULL, 'Heigh of convectively-generated boundary layer'
540, 'METEO_SURFACE', 'tbl_MeteoSurface',9, 'xxxMechConvBdry', 'height_mech_bdry', NULL, 'Heigh of mechanically-generated boundary layer'
541, 'METEO_SURFACE', 'tbl_MeteoSurface',10, 'xxxMoninObukhov', 'monin_obukhov', 'metre', 'Monin-Obukhov length (m)'
542, 'METEO_SURFACE', 'tbl_MeteoSurface',11, 'xxxSurfaceRoughness', 'roughness', 'metre', 'Surface roughness length (m)'
543, 'METEO_SURFACE', 'tbl_MeteoSurface',12, 'xxxBowenRatio', 'bowen', NULL, 'Bowen ratio'
544, 'METEO_SURFACE', 'tbl_MeteoSurface',13, 'xxxAlbedo', 'albedo', NULL, 'Albedo'
545, 'METEO_SURFACE', 'tbl_MeteoSurface',14, 'xxxWindSpeed', 'wind_speed', 'm/s', 'Wind speed (m/s)'
546, 'METEO_SURFACE', 'tbl_MeteoSurface',15, 'xxxWindSpeedQc', 'wind_speed_qc', NULL, 'Wind speed quality code 0 1 2 3 or 9 (AKTERM)'
547, 'METEO_SURFACE', 'tbl_MeteoSurface',16, 'xxxWindDirection', 'wind_direction', 'degrees', 'Wind direction (degrees)'
548, 'METEO_SURFACE', 'tbl_MeteoSurface',17, 'xxxWindDirectionQc', 'wind_direction_qc', NULL, 'Wind direction quality code 0 1 2 or 9  (AKTERM)'
549, 'METEO_SURFACE', 'tbl_MeteoSurface',18, 'xxxWindRefHeight', 'wind_ref_height', 'metre', 'Wind speed & wind direction reference height (m)'
550, 'METEO_SURFACE', 'tbl_MeteoSurface',19, 'xxxTemperature', 'temperature', 'Kelvin', 'Temperature (K)'
551, 'METEO_SURFACE', 'tbl_MeteoSurface',20, 'xxxTempRefHeight', 'temp_ref_height', 'metre', 'Temperature reference height (m)'
552, 'METEO_SURFACE', 'tbl_MeteoSurface',21, 'xxxStabilityClass', 'stability_class', 'metre', 'Temperature reference height (m)'
553, 'METEO_SURFACE', 'tbl_MeteoSurface',22, 'xxxInterpolationCode', 'interpolation_code', NULL, ' (AKTERM)'
554, 'METEO_SURFACE', 'tbl_MeteoSurface',23, 'xxxPrecipitationCode', 'precipitation_code', NULL, 'Precipitation Code (0-45)'
555, 'METEO_SURFACE', 'tbl_MeteoSurface',24, 'xxxPrecipitation', 'precipitation', 'millimetre', 'Precipitation Amount (mm)'
556, 'METEO_SURFACE', 'tbl_MeteoSurface',25, 'xxxRelHumidity', 'rel_humidity', 'percent', 'Relative Humidity (%)'
557, 'METEO_SURFACE', 'tbl_MeteoSurface',26, 'xxxSurfPressure', 'surf_pressure', 'millibar', 'Surface Pressure (mb)'
558, 'METEO_SURFACE', 'tbl_MeteoSurface',27, 'xxxCloudCover', 'cloud_cover', 'tenths', 'Cloud Cover (tenths)'
559, 'MONTHLY_PROFILE', 'tbl_Mon_Prof',1, 'cbxMonthProfileName', 'prof_name', '', 'Monthly Profile Name'
560, 'MONTHLY_PROFILE', 'tbl_Mon_Prof',2, 'tbxJan', 'jan', '', 'January'
561, 'MONTHLY_PROFILE', 'tbl_Mon_Prof',3, 'tbxFeb', 'feb', '', 'February'
562, 'MONTHLY_PROFILE', 'tbl_Mon_Prof',4, 'tbxMar', 'mar', '', 'March'
563, 'MONTHLY_PROFILE', 'tbl_Mon_Prof',5, 'tbxApr', 'apr', '', 'April'
564, 'MONTHLY_PROFILE', 'tbl_Mon_Prof',6, 'tbxMay', 'may', '', 'May'
565, 'MONTHLY_PROFILE', 'tbl_Mon_Prof',7, 'tbxJun', 'jun', '', 'June'
566, 'MONTHLY_PROFILE', 'tbl_Mon_Prof',8, 'tbxJul', 'jul', '', 'July'
567, 'MONTHLY_PROFILE', 'tbl_Mon_Prof',9, 'tbxAug', 'aug', '', 'August'
568, 'MONTHLY_PROFILE', 'tbl_Mon_Prof',10, 'tbxSep', 'sep', '', 'September'
569, 'MONTHLY_PROFILE', 'tbl_Mon_Prof',11, 'tbxOct', 'oct', '', 'October'
570, 'MONTHLY_PROFILE', 'tbl_Mon_Prof',12, 'tbxNov', 'nov', '', 'November'
571, 'MONTHLY_PROFILE', 'tbl_Mon_Prof',13, 'tbxDec', 'dec', '', 'December'
572, 'POLLUTANTS', 'tbl_Pollutants',1, 'xxxPollutant', 'pollutant', NULL, 'Pollutant to be processed'
573, 'PROJECT_SETUP', 'tbl_ProjectSetup',1, 'xxxItemKey', 'item_key', NULL, 'ALAQS project setup item key word'
574, 'PROJECT_SETUP', 'tbl_ProjectSetup',2, 'xxxNumValue', 'num_value', NULL, 'ALAQS project setup item numeric value'
575, 'PROJECT_SETUP', 'tbl_ProjectSetup',3, 'xxxTxtValue', 'txt_value', NULL, 'ALAQS project setup item text value'
576, 'STAND_EMISSION', 'tbl_Stand_EF',1, 'cbxGateType', 'gate_type', NULL, 'type of gate e.g. PIER REMOTE FREIGHT'
577, 'STAND_EMISSION', 'tbl_Stand_EF',2, 'cbxAircraftGroup', 'ac_group', NULL, 'aircraft group'
578, 'STAND_EMISSION', 'tbl_Stand_EF',3, 'xxxEmisType', 'emis_type', NULL, 'equipment type e.g. GSE GPU or APU'
579, 'STAND_EMISSION', 'tbl_Stand_EF',4, NULL, 'time_unit', NULL, 'unit of time e.g. minute or percentage for GSE'
580, 'STAND_EMISSION', 'tbl_Stand_EF',5, 'xxxDeparture', 'departure', NULL, 'minutes for APU and GPU percentage for GSE'
581, 'STAND_EMISSION', 'tbl_Stand_EF',6, 'xxxArrival', 'arrival', NULL, 'minutes for APU and GPU percentage for GSE'
582, 'STAND_EMISSION', 'tbl_Stand_EF',7, NULL, 'emis_unit', NULL, 'unit for emissions e.g. grams'
583, 'STAND_EMISSION', 'tbl_Stand_EF',8, 'xxxCo', 'co', NULL, 'Carbon Monoxide'
584, 'STAND_EMISSION', 'tbl_Stand_EF',9, 'xxxHc', 'hc', NULL, 'Hydrocarbons'
585, 'STAND_EMISSION', 'tbl_Stand_EF',10, 'xxxNox', 'nox', NULL, 'Nitrogen Oxides'
586, 'STAND_EMISSION', 'tbl_Stand_EF',11, 'xxxSox', 'sox', NULL, 'Sulfur Oxides'
587, 'STAND_EMISSION', 'tbl_Stand_EF',12, 'xxxPm10', 'pm10', NULL, 'Particulate matter < 10 micron'
588, 'STAND_EMISSION', 'tbl_Stand_EF',13, 'xxxP1', 'p1', NULL, 'Additional user defined pollutant 1'
589, 'STAND_EMISSION', 'tbl_Stand_EF',14, 'xxxP2', 'p2', NULL, 'Additional user defined pollutant 2'
590, 'STATIONARY_EMISSION', 'tbl_Stationary_EF',1, 'cbxStationaryCategory', 'category', NULL, 'Category identifier 1..5'
591, 'STATIONARY_EMISSION', 'tbl_Stationary_EF',2, 'cbxType', 'type', NULL, 'Category sub-type identifier'
592, 'STATIONARY_EMISSION', 'tbl_Stationary_EF',3, 'xxxSubstance', 'substance', NULL, 'Fuel Substance type identifier'
593, 'STATIONARY_EMISSION', 'tbl_Stationary_EF',4, 'xxxDescribe', 'describe', NULL, 'Stationary source description'
594, 'STATIONARY_EMISSION', 'tbl_Stationary_EF',5, 'tbxTemperature', 'temp', 'fahrenheit', 'Emission temperature'
595, 'STATIONARY_EMISSION', 'tbl_Stationary_EF',6, 'tbxDiameter', 'diameter', 'metre', 'Source diameter'
596, 'STATIONARY_EMISSION', 'tbl_Stationary_EF',7, 'tbxVelocity', 'velocity', 'metre/second', 'Emission velocity'
597, 'STATIONARY_EMISSION', 'tbl_Stationary_EF',8, 'tbxHeight', 'z', 'feet', 'Height of emission release'
598, 'STATIONARY_EMISSION', 'tbl_Stationary_EF',9, 'tbxCO', 'co_kg/k', NULL, 'CO emission factor (kg per unit)'
599, 'STATIONARY_EMISSION', 'tbl_Stationary_EF',10, 'tbxHC', 'hc_kg/k', NULL, 'HC emission factor (kg per unit)'
600, 'STATIONARY_EMISSION', 'tbl_Stationary_EF',11, 'tbxNOx', 'nox_kg/k', NULL, 'NOx emission factor (kg per unit)'
601, 'STATIONARY_EMISSION', 'tbl_Stationary_EF',12, 'tbxSOx', 'sox_kg/k', NULL, 'SOx emission factor (kg per unit)'
602, 'STATIONARY_EMISSION', 'tbl_Stationary_EF',13, 'tbxPM10', 'part_kg/k', NULL, 'PM10 emission factor (kg per unit)'
603, 'STATIONARY_EMISSION', 'tbl_Stationary_EF',14, 'tbxP1', 'p1_kg/k', NULL, 'User defined pollutant 1 emission factor (kg per unit)'
604, 'STATIONARY_EMISSION', 'tbl_Stationary_EF',15, 'tbxP2', 'p2_kg/k', NULL, 'User defined pollutant 2 emission factor (kg per unit)'
605, 'STATIONARY_CATEGORY', 'tbl_Stationary_Category',1, 'xxxCatName', 'cat_name', NULL, 'Category name'
606, 'STATIONARY_CATEGORY', 'tbl_Stationary_Category',2, 'cbxStationaryCategory', 'category', NULL, 'Category identifier'
607, 'STATIONARY_SUBSTANCE', 'tbl_Stationary_Substance',1, 'xxxSubstance', 'substance', NULL, 'Fuel substance type identifier'
608, 'STATIONARY_SUBSTANCE', 'tbl_Stationary_Substance',2, 'tbxSubstance', 'substname', NULL, 'Substance Name'
609, 'TABLE_UPDATE', 'tbl_TableUpdate',1, 'xxxTableKey', 'table_key', NULL, 'Table reference key - used ALAQS-AV code to identify tables'
610, 'TABLE_UPDATE', 'tbl_TableUpdate',3, 'xxxUpdateDate', 'update_date', NULL, 'Date table schema or content was last modified'
611, 'TABLE_UPDATE', 'tbl_TableUpdate',4, 'xxxCheckDate', 'check_date', NULL, 'Date table update was reviewed by user'
612, 'TABLE_UPDATE', 'tbl_TableUpdate',5, 'xxxForceUpdate', 'force_update', NULL, 'YES indicates that update is compulsory NO inicates update is not compulsory and is optional for the user'
613, 'TAXIROUTE_ACGROUP', 'tbl_TaxiRouteAcGroup',1, 'xxxGate', 'gate', NULL, 'Gate name'
614, 'TAXIROUTE_ACGROUP', 'tbl_TaxiRouteAcGroup',2, 'xxxRunway', 'runway', NULL, 'Runway name'
615, 'TAXIROUTE_ACGROUP', 'tbl_TaxiRouteAcGroup',3, 'xxxInstanceId', 'instance_id', NULL, 'Gate-Runway instance id'
616, 'TAXIROUTE_ACGROUP', 'tbl_TaxiRouteAcGroup',4, 'xxxDepArr', 'dep_arr', NULL, 'Departure/Arrival status'
617, 'TAXIROUTE_ACGROUP', 'tbl_TaxiRouteAcGroup',5, 'xxxAircraftGroup', 'ac_group', NULL, 'Aircraft group'
618, 'TAXIROUTE_ACGROUP', 'tbl_TaxiRouteAcGroup',6, 'xxxTaxiway', 'taxiway', NULL, 'Entry or Exit taxiway'
619, 'TAXIROUTE_ACGROUP', 'tbl_TaxiRouteAcGroup',7, 'xxxTwyMes', 'twy_mes', NULL, 'Taxiway with Main Engine Start (MES)'
620, 'TAXIROUTE_ACGROUP', 'tbl_TaxiRouteAcGroup',8, 'xxxDistance', 'distance', NULL, 'Available landing/take-off runway distance'
621, 'TAXIROUTE_TAXIWAYS', 'tbl_TaxiRouteTaxiways',1, 'xxxGate', 'gate', NULL, 'gate name'
622, 'TAXIROUTE_TAXIWAYS', 'tbl_TaxiRouteTaxiways',2, 'xxxRunway', 'runway', NULL, 'runway name'
623, 'TAXIROUTE_TAXIWAYS', 'tbl_TaxiRouteTaxiways',3, 'xxxInstanceId', 'instance_id', NULL, 'Gate-Runway instance id'
624, 'TAXIROUTE_TAXIWAYS', 'tbl_TaxiRouteTaxiways',4, 'xxxTaxiway', 'taxiway', NULL, 'Taxiway name'
625, 'TAXIROUTE_TAXIWAYS', 'tbl_TaxiRouteTaxiways',5, 'xxxDepArr', 'dep_arr', NULL, 'Departure/Arrival status'
626, 'TAXIROUTE_TAXIWAYS', 'tbl_TaxiRouteTaxiways',6, 'xxxSeqNo', 'seq_no', NULL, 'Taxiway sequence number'
627, 'MOVEMENTS_TABLE', 'tbl_AcMovement',12, 'xxxApuCode', 'apu_code', NULL, 'Code defining APU usage away from gate (optional)'
628, 'MOVEMENTS_TABLE', 'tbl_AcMovement',13, 'xxxTaxiEngCount', 'taxi_engcount', NULL, 'Taxiing engine count 0 / number of engines 0 = towing (optional)'
629, 'MOVEMENTS_TABLE', 'tbl_AcMovement',14, 'xxxTaxiFuelRatio', 'taxi_fuelratio', NULL, 'Taxiing fuel ratio per engine fuel flow divided by idle mode fuel flow (optional)'
630, 'MOVEMENTS_TABLE', 'tbl_AcMovement',16, 'xxxDomestic', 'domestic', NULL," 'Flag (""Y"" or ""N"") indicating if flight is domestic for CO2 reporting (optional)'"
631, 'MOVEMENTS_TABLE', 'tbl_AcMovement',15, 'xxxTowRatio', 'tow_ratio', NULL, 'Takeoff Gross Weight (TOGW) devided by Maximum Takeoff Weight used for NOx takeoff weight correction (optional)'
632, 'ENGINE_EMISSION', 'tbl_AcEngine_EI',12, 'xxxRatedOutput', 'rated_output', 'kN', 'Engine maximum rated thrust'
633, 'ENGINE_EMISSION', 'tbl_Aircraft',2, 'xxxMtow', 'mtow', 'kg', 'Maximum Takeoff Weight'
