1, 'PKW', 'PC', 2004, 'L2', 'LandsideHauptstraﬂealsZubringer', 'Landside main road feeder', 34, 'IO_LSA1', 'g/km', 0.004, 1.17, 0.084, 0.237, 0.006
2, 'PKW', 'PC', 2004, 'L3', 'LandsideVorfahrtenbereich', 'Landside give-way area', 20, 'IO_Kern', 'g/km', 0.007, 1.796, 0.132, 0.275, 0.007
3, 'PKW', 'PC', 2004, 'L4', 'LandsideZufahrtzumParking', 'Landside parking access', 20, 'IO_Kern', 'g/km', 0.007, 1.796, 0.132, 0.275, 0.007
4, 'PKW', 'PC', 2004, 'L5', 'LandsideImParkhaus/Parking', 'Landside parking', 5, 'IO_Stop+Go', 'g/km', 0.021, 5.241, 0.383, 0.368, 0.019
5, 'LKW', 'HDV', 2004, 'A1', 'AirsideVorfelder', 'Airside movement area', 5, 'IO_Stop+Go', 'g/km', 0.116, 4.955, 6.108, 13.259, 0.865
6, 'LKW', 'HDV', 2004, 'A2', 'AirsideTerminalbereich', 'Airside terminal area', 20, 'IO_Kern', 'g/km', 0.041, 1.857, 2.138, 5.704, 0.324
7, 'LKW', 'HDV', 2004, 'A3', 'AirsideUmfahrung', 'Airside by-pass', 42, 'IO_HVS2', 'g/km', 0.019, 0.99, 1.013, 3.395, 0.168
8, 'LKW', 'HDV', 2004, 'L1', 'LandsideAutobahnalsZubringer', 'Landside motorway feeder', 87, 'AB_80_gebunden', 'g/km', 0.01, 0.772, 0.531, 3.28, 0.124
9, 'LKW', 'HDV', 2004, 'L2', 'LandsideHauptstraﬂealsZubringer', 'Landside main road feeder', 34, 'IO_LSA1', 'g/km', 0.022, 1.07, 1.134, 3.739, 0.185
10, 'LKW', 'HDV', 2004, 'L3', 'LandsideVorfahrtenbereich', 'Landside give-way area', 20, 'IO_Kern', 'g/km', 0.041, 1.857, 2.138, 5.704, 0.324
11, 'LKW', 'HDV', 2004, 'L4', 'LandsideZufahrtzumParking', 'Landside parking access', 20, 'IO_Kern', 'g/km', 0.041, 1.857, 2.138, 5.704, 0.324
12, 'LKW', 'HDV', 2004, 'L5', 'LandsideImParkhaus/Parking', 'Landside parking', 5, 'IO_Stop+Go', 'g/km', 0.116, 4.955, 6.108, 13.259, 0.865
13, 'LNF', 'LDV', 2004, 'A1', 'AirsideVorfelder', 'Airside movement area', 5, 'IO_Stop+Go', 'g/km', 0.013, 2.841, 0.365, 1.174, 0.183
14, 'LNF', 'LDV', 2004, 'A2', 'AirsideTerminalbereich', 'Airside terminal area', 20, 'IO_Kern', 'g/km', 0.004, 0.831, 0.138, 0.839, 0.067
15, 'LNF', 'LDV', 2004, 'A3', 'AirsideUmfahrung', 'Airside by-pass', 42, 'IO_HVS2', 'g/km', 0.002, 0.509, 0.08, 0.609, 0.054
16, 'LNF', 'LDV', 2004, 'L1', 'LandsideAutobahnalsZubringer', 'Landside motorway feeder', 87, 'AB_80_gebunden', 'g/km', 0.001, 0.369, 0.046, 0.609, 0.048
17, 'LNF', 'LDV', 2004, 'L2', 'LandsideHauptstraﬂealsZubringer', 'Landside main road feeder', 34, 'IO_LSA1', 'g/km', 0.002, 0.568, 0.09, 0.646, 0.053
18, 'LNF', 'LDV', 2004, 'L3', 'LandsideVorfahrtenbereich', 'Landside give-way area', 20, 'IO_Kern', 'g/km', 0.004, 0.831, 0.138, 0.839, 0.067
19, 'LNF', 'LDV', 2004, 'L4', 'LandsideZufahrtzumParking', 'Landside parking access', 20, 'IO_Kern', 'g/km', 0.004, 0.831, 0.138, 0.839, 0.067
20, 'LNF', 'LDV', 2004, 'L5', 'LandsideImParkhaus/Parking', 'Landside parking', 5, 'IO_Stop+Go', 'g/km', 0.013, 2.841, 0.365, 1.174, 0.183
21, 'PKW', 'PC', 2005, 'A1', 'AirsideVorfelder', 'Airside movement area', 5, 'IO_Stop+Go', 'g/km', 0.018, 4.716, 0.324, 0.338, 0.017
22, 'PKW', 'PC', 2005, 'A2', 'AirsideTerminalbereich', 'Airside terminal area', 20, 'IO_Kern', 'g/km', 0.006, 1.652, 0.112, 0.247, 0.006
23, 'PKW', 'PC', 2005, 'A3', 'AirsideUmfahrung', 'Airside by-pass', 42, 'IO_HVS2', 'g/km', 0.003, 0.938, 0.062, 0.205, 0.006
24, 'PKW', 'PC', 2005, 'L1', 'LandsideAutobahnalsZubringer', 'Landside motorway feeder', 87, 'AB_80_gebunden', 'g/km', 0.002, 0.464, 0.029, 0.156, 0.004
25, 'PKW', 'PC', 2005, 'L2', 'LandsideHauptstraﬂealsZubringer', 'Landside main road feeder', 34, 'IO_LSA1', 'g/km', 0.004, 1.073, 0.071, 0.212, 0.006
26, 'PKW', 'PC', 2005, 'L3', 'LandsideVorfahrtenbereich', 'Landside give-way area', 20, 'IO_Kern', 'g/km', 0.006, 1.652, 0.112, 0.247, 0.006
27, 'PKW', 'PC', 2005, 'L4', 'LandsideZufahrtzumParking', 'Landside parking access', 20, 'IO_Kern', 'g/km', 0.006, 1.652, 0.112, 0.247, 0.006
28, 'PKW', 'PC', 2005, 'L5', 'LandsideImParkhaus/Parking', 'Landside parking', 5, 'IO_Stop+Go', 'g/km', 0.018, 4.716, 0.324, 0.338, 0.017
29, 'LKW', 'HDV', 2005, 'A1', 'AirsideVorfelder', 'Airside movement area', 5, 'IO_Stop+Go', 'g/km', 0.109, 4.438, 5.741, 12.272, 0.736
30, 'LKW', 'HDV', 2005, 'A2', 'AirsideTerminalbereich', 'Airside terminal area', 20, 'IO_Kern', 'g/km', 0.038, 1.664, 2.01, 5.28, 0.276
31, 'LKW', 'HDV', 2005, 'A3', 'AirsideUmfahrung', 'Airside by-pass', 42, 'IO_HVS2', 'g/km', 0.018, 0.887, 0.952, 3.144, 0.143
32, 'LKW', 'HDV', 2005, 'L1', 'LandsideAutobahnalsZubringer', 'Landside motorway feeder', 87, 'AB_80_gebunden', 'g/km', 0.009, 0.692, 0.499, 3.039, 0.106
33, 'LKW', 'HDV', 2005, 'L2', 'LandsideHauptstraﬂealsZubringer', 'Landside main road feeder', 34, 'IO_LSA1', 'g/km', 0.02, 0.959, 1.066, 3.462, 0.157
34, 'LKW', 'HDV', 2005, 'L3', 'LandsideVorfahrtenbereich', 'Landside give-way area', 20, 'IO_Kern', 'g/km', 0.038, 1.664, 2.01, 5.28, 0.276
35, 'LKW', 'HDV', 2005, 'L4', 'LandsideZufahrtzumParking', 'Landside parking access', 20, 'IO_Kern', 'g/km', 0.038, 1.664, 2.01, 5.28, 0.276
36, 'LKW', 'HDV', 2005, 'L5', 'LandsideImParkhaus/Parking', 'Landside parking', 5, 'IO_Stop+Go', 'g/km', 0.109, 4.438, 5.741, 12.272, 0.736
37, 'LNF', 'LDV', 2005, 'A1', 'AirsideVorfelder', 'Airside movement area', 5, 'IO_Stop+Go', 'g/km', 0.011, 2.542, 0.315, 1.102, 0.154
38, 'LNF', 'LDV', 2005, 'A2', 'AirsideTerminalbereich', 'Airside terminal area', 20, 'IO_Kern', 'g/km', 0.003, 0.73, 0.117, 0.785, 0.057
39, 'PKW', 'PC', 2001, 'A1', 'AirsideVorfelder', 'Airside movement area', 5, 'IO_Stop+Go', 'g/km', 0.038, 7.477, 0.671, 0.464, 0.025
40, 'PKW', 'PC', 2001, 'A2', 'AirsideTerminalbereich', 'Airside terminal area', 20, 'IO_Kern', 'g/km', 0.012, 2.436, 0.234, 0.374, 0.009
41, 'PKW', 'PC', 2001, 'A3', 'AirsideUmfahrung', 'Airside by-pass', 42, 'IO_HVS2', 'g/km', 0.007, 1.409, 0.13, 0.325, 0.009
42, 'PKW', 'PC', 2001, 'L1', 'LandsideAutobahnalsZubringer', 'Landside motorway feeder', 87, 'AB_80_gebunden', 'g/km', 0.003, 0.633, 0.05, 0.243, 0.006
43, 'PKW', 'PC', 2001, 'L2', 'LandsideHauptstraﬂealsZubringer', 'Landside main road feeder', 34, 'IO_LSA1', 'g/km', 0.008, 1.601, 0.149, 0.331, 0.008
44, 'PKW', 'PC', 2001, 'L3', 'LandsideVorfahrtenbereich', 'Landside give-way area', 20, 'IO_Kern', 'g/km', 0.012, 2.436, 0.234, 0.374, 0.009
45, 'PKW', 'PC', 2001, 'L4', 'LandsideZufahrtzumParking', 'Landside parking access', 20, 'IO_Kern', 'g/km', 0.012, 2.436, 0.234, 0.374, 0.009
46, 'PKW', 'PC', 2001, 'L5', 'LandsideImParkhaus/Parking', 'Landside parking', 5, 'IO_Stop+Go', 'g/km', 0.038, 7.477, 0.671, 0.464, 0.025
47, 'LKW', 'HDV', 2001, 'A1', 'AirsideVorfelder', 'Airside movement area', 5, 'IO_Stop+Go', 'g/km', 0.139, 6.711, 7.323, 16.379, 1.259
48, 'LKW', 'HDV', 2001, 'A2', 'AirsideTerminalbereich', 'Airside terminal area', 20, 'IO_Kern', 'g/km', 0.049, 2.515, 2.564, 7.042, 0.472
49, 'LKW', 'HDV', 2001, 'A3', 'AirsideUmfahrung', 'Airside by-pass', 42, 'IO_HVS2', 'g/km', 0.023, 1.341, 1.215, 4.19, 0.245
50, 'LKW', 'HDV', 2001, 'L1', 'LandsideAutobahnalsZubringer', 'Landside motorway feeder', 87, 'AB_80_gebunden', 'g/km', 0.012, 1.045, 0.638, 4.034, 0.182
51, 'LKW', 'HDV', 2001, 'L2', 'LandsideHauptstraﬂealsZubringer', 'Landside main road feeder', 34, 'IO_LSA1', 'g/km', 0.026, 1.449, 1.36, 4.614, 0.27
52, 'LKW', 'HDV', 2001, 'L3', 'LandsideVorfahrtenbereich', 'Landside give-way area', 20, 'IO_Kern', 'g/km', 0.049, 2.515, 2.564, 7.042, 0.472
53, 'LKW', 'HDV', 2001, 'L4', 'LandsideZufahrtzumParking', 'Landside parking access', 20, 'IO_Kern', 'g/km', 0.049, 2.515, 2.564, 7.042, 0.472
54, 'LKW', 'HDV', 2001, 'L5', 'LandsideImParkhaus/Parking', 'Landside parking', 5, 'IO_Stop+Go', 'g/km', 0.139, 6.711, 7.323, 16.379, 1.259
55, 'LNF', 'LDV', 2001, 'A1', 'AirsideVorfelder', 'Airside movement area', 5, 'IO_Stop+Go', 'g/km', 0.024, 4.4, 0.615, 1.357, 0.264
56, 'LNF', 'LDV', 2001, 'A2', 'AirsideTerminalbereich', 'Airside terminal area', 20, 'IO_Kern', 'g/km', 0.007, 1.35, 0.239, 0.995, 0.095
57, 'LNF', 'LDV', 2001, 'A3', 'AirsideUmfahrung', 'Airside by-pass', 42, 'IO_HVS2', 'g/km', 0.004, 0.801, 0.132, 0.739, 0.074
58, 'LNF', 'LDV', 2001, 'L1', 'LandsideAutobahnalsZubringer', 'Landside motorway feeder', 87, 'AB_80_gebunden', 'g/km', 0.002, 0.582, 0.071, 0.749, 0.066
59, 'LNF', 'LDV', 2001, 'L2', 'LandsideHauptstraﬂealsZubringer', 'Landside main road feeder', 34, 'IO_LSA1', 'g/km', 0.005, 0.899, 0.151, 0.778, 0.074
60, 'LNF', 'LDV', 2001, 'L3', 'LandsideVorfahrtenbereich', 'Landside give-way area', 20, 'IO_Kern', 'g/km', 0.007, 1.35, 0.239, 0.995, 0.095
61, 'LNF', 'LDV', 2001, 'L4', 'LandsideZufahrtzumParking', 'Landside parking access', 20, 'IO_Kern', 'g/km', 0.007, 1.35, 0.239, 0.995, 0.095
62, 'LNF', 'LDV', 2001, 'L5', 'LandsideImParkhaus/Parking', 'Landside parking', 5, 'IO_Stop+Go', 'g/km', 0.024, 4.4, 0.615, 1.357, 0.264
63, 'PKW', 'PC', 2002, 'A1', 'AirsideVorfelder', 'Airside movement area', 5, 'IO_Stop+Go', 'g/km', 0.031, 6.583, 0.555, 0.431, 0.023
64, 'PKW', 'PC', 2002, 'A2', 'AirsideTerminalbereich', 'Airside terminal area', 20, 'IO_Kern', 'g/km', 0.01, 2.18, 0.192, 0.337, 0.009
65, 'PKW', 'PC', 2002, 'A3', 'AirsideUmfahrung', 'Airside by-pass', 42, 'IO_HVS2', 'g/km', 0.006, 1.255, 0.107, 0.289, 0.008
66, 'PKW', 'PC', 2002, 'L1', 'LandsideAutobahnalsZubringer', 'Landside motorway feeder', 87, 'AB_80_gebunden', 'g/km', 0.002, 0.573, 0.043, 0.215, 0.005
67, 'PKW', 'PC', 2002, 'L2', 'LandsideHauptstraﬂealsZubringer', 'Landside main road feeder', 34, 'IO_LSA1', 'g/km', 0.006, 1.429, 0.122, 0.296, 0.008
68, 'PKW', 'PC', 2002, 'L3', 'LandsideVorfahrtenbereich', 'Landside give-way area', 20, 'IO_Kern', 'g/km', 0.01, 2.18, 0.192, 0.337, 0.009
69, 'PKW', 'PC', 2002, 'L4', 'LandsideZufahrtzumParking', 'Landside parking access', 20, 'IO_Kern', 'g/km', 0.01, 2.18, 0.192, 0.337, 0.009
70, 'PKW', 'PC', 2002, 'L5', 'LandsideImParkhaus/Parking', 'Landside parking', 5, 'IO_Stop+Go', 'g/km', 0.031, 6.583, 0.555, 0.431, 0.023
71, 'LKW', 'HDV', 2002, 'A1', 'AirsideVorfelder', 'Airside movement area', 5, 'IO_Stop+Go', 'g/km', 0.131, 6.068, 6.883, 15.292, 1.122
72, 'LKW', 'HDV', 2002, 'A2', 'AirsideTerminalbereich', 'Airside terminal area', 20, 'IO_Kern', 'g/km', 0.046, 2.274, 2.41, 6.577, 0.421
73, 'LKW', 'HDV', 2002, 'A3', 'AirsideUmfahrung', 'Airside by-pass', 42, 'IO_HVS2', 'g/km', 0.022, 1.212, 1.142, 3.914, 0.218
74, 'LKW', 'HDV', 2002, 'L1', 'LandsideAutobahnalsZubringer', 'Landside motorway feeder', 87, 'AB_80_gebunden', 'g/km', 0.011, 0.945, 0.599, 3.773, 0.162
75, 'LKW', 'HDV', 2002, 'L2', 'LandsideHauptstraﬂealsZubringer', 'Landside main road feeder', 34, 'IO_LSA1', 'g/km', 0.024, 1.311, 1.278, 4.31, 0.24
76, 'LKW', 'HDV', 2002, 'L3', 'LandsideVorfahrtenbereich', 'Landside give-way area', 20, 'IO_Kern', 'g/km', 0.046, 2.274, 2.41, 6.577, 0.421
77, 'LKW', 'HDV', 2002, 'L4', 'LandsideZufahrtzumParking', 'Landside parking access', 20, 'IO_Kern', 'g/km', 0.046, 2.274, 2.41, 6.577, 0.421
78, 'LKW', 'HDV', 2002, 'L5', 'LandsideImParkhaus/Parking', 'Landside parking', 5, 'IO_Stop+Go', 'g/km', 0.131, 6.068, 6.883, 15.292, 1.122
79, 'LNF', 'LDV', 2002, 'A1', 'AirsideVorfelder', 'Airside movement area', 5, 'IO_Stop+Go', 'g/km', 0.02, 3.749, 0.512, 1.3, 0.237
80, 'LNF', 'LDV', 2002, 'A2', 'AirsideTerminalbereich', 'Airside terminal area', 20, 'IO_Kern', 'g/km', 0.006, 1.134, 0.197, 0.943, 0.085
81, 'LNF', 'LDV', 2002, 'A3', 'AirsideUmfahrung', 'Airside by-pass', 42, 'IO_HVS2', 'g/km', 0.003, 0.681, 0.111, 0.694, 0.068
82, 'LNF', 'LDV', 2002, 'L1', 'LandsideAutobahnalsZubringer', 'Landside motorway feeder', 87, 'AB_80_gebunden', 'g/km', 0.002, 0.493, 0.061, 0.698, 0.06
83, 'LNF', 'LDV', 2002, 'L2', 'LandsideHauptstraﬂealsZubringer', 'Landside main road feeder', 34, 'IO_LSA1', 'g/km', 0.004, 0.763, 0.126, 0.732, 0.067
84, 'LNF', 'LDV', 2002, 'L3', 'LandsideVorfahrtenbereich', 'Landside give-way area', 20, 'IO_Kern', 'g/km', 0.006, 1.134, 0.197, 0.943, 0.085
85, 'LNF', 'LDV', 2002, 'L4', 'LandsideZufahrtzumParking', 'Landside parking access', 20, 'IO_Kern', 'g/km', 0.006, 1.134, 0.197, 0.943, 0.085
86, 'LNF', 'LDV', 2002, 'L5', 'LandsideImParkhaus/Parking', 'Landside parking', 5, 'IO_Stop+Go', 'g/km', 0.02, 3.749, 0.512, 1.3, 0.237
87, 'PKW', 'PC', 2003, 'A1', 'AirsideVorfelder', 'Airside movement area', 5, 'IO_Stop+Go', 'g/km', 0.025, 5.868, 0.46, 0.398, 0.021
88, 'PKW', 'PC', 2003, 'A2', 'AirsideTerminalbereich', 'Airside terminal area', 20, 'IO_Kern', 'g/km', 0.008, 1.979, 0.159, 0.305, 0.008
89, 'PKW', 'PC', 2003, 'A3', 'AirsideUmfahrung', 'Airside by-pass', 42, 'IO_HVS2', 'g/km', 0.005, 1.133, 0.089, 0.258, 0.007
90, 'PKW', 'PC', 2003, 'L1', 'LandsideAutobahnalsZubringer', 'Landside motorway feeder', 87, 'AB_80_gebunden', 'g/km', 0.002, 0.529, 0.037, 0.192, 0.005
91, 'PKW', 'PC', 2003, 'L2', 'LandsideHauptstraﬂealsZubringer', 'Landside main road feeder', 34, 'IO_LSA1', 'g/km', 0.005, 1.292, 0.101, 0.265, 0.007
92, 'PKW', 'PC', 2003, 'L3', 'LandsideVorfahrtenbereich', 'Landside give-way area', 20, 'IO_Kern', 'g/km', 0.008, 1.979, 0.159, 0.305, 0.008
93, 'PKW', 'PC', 2003, 'L4', 'LandsideZufahrtzumParking', 'Landside parking access', 20, 'IO_Kern', 'g/km', 0.008, 1.979, 0.159, 0.305, 0.008
94, 'PKW', 'PC', 2003, 'L5', 'LandsideImParkhaus/Parking', 'Landside parking', 5, 'IO_Stop+Go', 'g/km', 0.025, 5.868, 0.46, 0.398, 0.021
95, 'LKW', 'HDV', 2003, 'A1', 'AirsideVorfelder', 'Airside movement area', 5, 'IO_Stop+Go', 'g/km', 0.123, 5.499, 6.488, 14.288, 0.998
96, 'LKW', 'HDV', 2003, 'A2', 'AirsideTerminalbereich', 'Airside terminal area', 20, 'IO_Kern', 'g/km', 0.043, 2.061, 2.272, 6.146, 0.374
97, 'LKW', 'HDV', 2003, 'A3', 'AirsideUmfahrung', 'Airside by-pass', 42, 'IO_HVS2', 'g/km', 0.02, 1.099, 1.077, 3.658, 0.194
98, 'LKW', 'HDV', 2003, 'L1', 'LandsideAutobahnalsZubringer', 'Landside motorway feeder', 87, 'AB_80_gebunden', 'g/km', 0.011, 0.857, 0.564, 3.53, 0.144
99, 'LKW', 'HDV', 2003, 'L2', 'LandsideHauptstraﬂealsZubringer', 'Landside main road feeder', 34, 'IO_LSA1', 'g/km', 0.023, 1.188, 1.205, 4.028, 0.214
100, 'LKW', 'HDV', 2003, 'L3', 'LandsideVorfahrtenbereich', 'Landside give-way area', 20, 'IO_Kern', 'g/km', 0.043, 2.061, 2.272, 6.146, 0.374
101, 'LKW', 'HDV', 2003, 'L4', 'LandsideZufahrtzumParking', 'Landside parking access', 20, 'IO_Kern', 'g/km', 0.043, 2.061, 2.272, 6.146, 0.374
102, 'LKW', 'HDV', 2003, 'L5', 'LandsideImParkhaus/Parking', 'Landside parking', 5, 'IO_Stop+Go', 'g/km', 0.123, 5.499, 6.488, 14.288, 0.998
103, 'LNF', 'LDV', 2003, 'A1', 'AirsideVorfelder', 'Airside movement area', 5, 'IO_Stop+Go', 'g/km', 0.016, 3.308, 0.438, 1.239, 0.211
104, 'LNF', 'LDV', 2003, 'A2', 'AirsideTerminalbereich', 'Airside terminal area', 20, 'IO_Kern', 'g/km', 0.005, 0.983, 0.167, 0.893, 0.077
105, 'LNF', 'LDV', 2003, 'A3', 'AirsideUmfahrung', 'Airside by-pass', 42, 'IO_HVS2', 'g/km', 0.003, 0.596, 0.095, 0.653, 0.061
106, 'LNF', 'LDV', 2003, 'L1', 'LandsideAutobahnalsZubringer', 'Landside motorway feeder', 87, 'AB_80_gebunden', 'g/km', 0.001, 0.432, 0.054, 0.655, 0.055
107, 'LNF', 'LDV', 2003, 'L2', 'LandsideHauptstraﬂealsZubringer', 'Landside main road feeder', 34, 'IO_LSA1', 'g/km', 0.003, 0.666, 0.108, 0.691, 0.061
108, 'LNF', 'LDV', 2003, 'L3', 'LandsideVorfahrtenbereich', 'Landside give-way area', 20, 'IO_Kern', 'g/km', 0.005, 0.983, 0.167, 0.893, 0.077
109, 'LNF', 'LDV', 2003, 'L4', 'LandsideZufahrtzumParking', 'Landside parking access', 20, 'IO_Kern', 'g/km', 0.005, 0.983, 0.167, 0.893, 0.077
110, 'LNF', 'LDV', 2003, 'L5', 'LandsideImParkhaus/Parking', 'Landside parking', 5, 'IO_Stop+Go', 'g/km', 0.016, 3.308, 0.438, 1.239, 0.211
111, 'PKW', 'PC', 2004, 'A1', 'AirsideVorfelder', 'Airside movement area', 5, 'IO_Stop+Go', 'g/km', 0.021, 5.241, 0.383, 0.368, 0.019
112, 'PKW', 'PC', 2004, 'A2', 'AirsideTerminalbereich', 'Airside terminal area', 20, 'IO_Kern', 'g/km', 0.007, 1.796, 0.132, 0.275, 0.007
113, 'PKW', 'PC', 2004, 'A3', 'AirsideUmfahrung', 'Airside by-pass', 42, 'IO_HVS2', 'g/km', 0.004, 1.024, 0.074, 0.231, 0.007
114, 'PKW', 'PC', 2004, 'L1', 'LandsideAutobahnalsZubringer', 'Landside motorway feeder', 87, 'AB_80_gebunden', 'g/km', 0.002, 0.493, 0.032, 0.173, 0.004
115, 'LNF', 'LDV', 2005, 'A3', 'AirsideUmfahrung', 'Airside by-pass', 42, 'IO_HVS2', 'g/km', 0.002, 0.451, 0.069, 0.567, 0.046
116, 'LNF', 'LDV', 2005, 'L1', 'LandsideAutobahnalsZubringer', 'Landside motorway feeder', 87, 'AB_80_gebunden', 'g/km', 0.001, 0.328, 0.041, 0.565, 0.041
117, 'LNF', 'LDV', 2005, 'L2', 'LandsideHauptstraﬂealsZubringer', 'Landside main road feeder', 34, 'IO_LSA1', 'g/km', 0.002, 0.502, 0.078, 0.602, 0.046
118, 'LNF', 'LDV', 2005, 'L3', 'LandsideVorfahrtenbereich', 'Landside give-way area', 20, 'IO_Kern', 'g/km', 0.003, 0.73, 0.117, 0.785, 0.057
119, 'LNF', 'LDV', 2005, 'L4', 'LandsideZufahrtzumParking', 'Landside parking access', 20, 'IO_Kern', 'g/km', 0.003, 0.73, 0.117, 0.785, 0.057
120, 'LNF', 'LDV', 2005, 'L5', 'LandsideImParkhaus/Parking', 'Landside parking', 5, 'IO_Stop+Go', 'g/km', 0.011, 2.542, 0.315, 1.102, 0.154
121, 'PKW', 'PC', 2006, 'A1', 'AirsideVorfelder', 'Airside movement area', 5, 'IO_Stop+Go', 'g/km', 0.015, 4.35, 0.283, 0.312, 0.016
122, 'PKW', 'PC', 2006, 'A2', 'AirsideTerminalbereich', 'Airside terminal area', 20, 'IO_Kern', 'g/km', 0.005, 1.545, 0.098, 0.225, 0.006
123, 'PKW', 'PC', 2006, 'A3', 'AirsideUmfahrung', 'Airside by-pass', 42, 'IO_HVS2', 'g/km', 0.003, 0.874, 0.055, 0.185, 0.006
124, 'PKW', 'PC', 2006, 'L1', 'LandsideAutobahnalsZubringer', 'Landside motorway feeder', 87, 'AB_80_gebunden', 'g/km', 0.001, 0.448, 0.027, 0.143, 0.004
125, 'PKW', 'PC', 2006, 'L2', 'LandsideHauptstraﬂealsZubringer', 'Landside main road feeder', 34, 'IO_LSA1', 'g/km', 0.003, 1.002, 0.063, 0.192, 0.005
126, 'PKW', 'PC', 2006, 'L3', 'LandsideVorfahrtenbereich', 'Landside give-way area', 20, 'IO_Kern', 'g/km', 0.005, 1.545, 0.098, 0.225, 0.006
127, 'PKW', 'PC', 2006, 'L4', 'LandsideZufahrtzumParking', 'Landside parking access', 20, 'IO_Kern', 'g/km', 0.005, 1.545, 0.098, 0.225, 0.006
128, 'PKW', 'PC', 2006, 'L5', 'LandsideImParkhaus/Parking', 'Landside parking', 5, 'IO_Stop+Go', 'g/km', 0.015, 4.35, 0.283, 0.312, 0.016
129, 'LKW', 'HDV', 2006, 'A1', 'AirsideVorfelder', 'Airside movement area', 5, 'IO_Stop+Go', 'g/km', 0.103, 4, 5.417, 11.387, 0.635
130, 'LKW', 'HDV', 2006, 'A2', 'AirsideTerminalbereich', 'Airside terminal area', 20, 'IO_Kern', 'g/km', 0.036, 1.499, 1.896, 4.9, 0.238
131, 'LKW', 'HDV', 2006, 'A3', 'AirsideUmfahrung', 'Airside by-pass', 42, 'IO_HVS2', 'g/km', 0.017, 0.799, 0.899, 2.918, 0.123
132, 'LKW', 'HDV', 2006, 'L1', 'LandsideAutobahnalsZubringer', 'Landside motorway feeder', 87, 'AB_80_gebunden', 'g/km', 0.009, 0.624, 0.471, 2.822, 0.091
133, 'LKW', 'HDV', 2006, 'L2', 'LandsideHauptstraﬂealsZubringer', 'Landside main road feeder', 34, 'IO_LSA1', 'g/km', 0.019, 0.864, 1.006, 3.213, 0.136
134, 'LKW', 'HDV', 2006, 'L3', 'LandsideVorfahrtenbereich', 'Landside give-way area', 20, 'IO_Kern', 'g/km', 0.036, 1.499, 1.896, 4.9, 0.238
135, 'LKW', 'HDV', 2006, 'L4', 'LandsideZufahrtzumParking', 'Landside parking access', 20, 'IO_Kern', 'g/km', 0.036, 1.499, 1.896, 4.9, 0.238
136, 'LKW', 'HDV', 2006, 'L5', 'LandsideImParkhaus/Parking', 'Landside parking', 5, 'IO_Stop+Go', 'g/km', 0.103, 4, 5.417, 11.387, 0.635
137, 'LNF', 'LDV', 2006, 'A1', 'AirsideVorfelder', 'Airside movement area', 5, 'IO_Stop+Go', 'g/km', 0.01, 2.286, 0.271, 1.026, 0.13
138, 'LNF', 'LDV', 2006, 'A2', 'AirsideTerminalbereich', 'Airside terminal area', 20, 'IO_Kern', 'g/km', 0.003, 0.644, 0.099, 0.728, 0.049
139, 'LNF', 'LDV', 2006, 'A3', 'AirsideUmfahrung', 'Airside by-pass', 42, 'IO_HVS2', 'g/km', 0.002, 0.401, 0.059, 0.524, 0.04
140, 'LNF', 'LDV', 2006, 'L1', 'LandsideAutobahnalsZubringer', 'Landside motorway feeder', 87, 'AB_80_gebunden', 'g/km', 0.001, 0.292, 0.036, 0.521, 0.036
141, 'LNF', 'LDV', 2006, 'L2', 'LandsideHauptstraﬂealsZubringer', 'Landside main road feeder', 34, 'IO_LSA1', 'g/km', 0.002, 0.446, 0.066, 0.557, 0.04
142, 'LNF', 'LDV', 2006, 'L3', 'LandsideVorfahrtenbereich', 'Landside give-way area', 20, 'IO_Kern', 'g/km', 0.003, 0.644, 0.099, 0.728, 0.049
143, 'LNF', 'LDV', 2006, 'L4', 'LandsideZufahrtzumParking', 'Landside parking access', 20, 'IO_Kern', 'g/km', 0.003, 0.644, 0.099, 0.728, 0.049
144, 'LNF', 'LDV', 2006, 'L5', 'LandsideImParkhaus/Parking', 'Landside parking', 5, 'IO_Stop+Go', 'g/km', 0.01, 2.286, 0.271, 1.026, 0.13
145, 'PKW', 'PC', 2007, 'A1', 'AirsideVorfelder', 'Airside movement area', 5, 'IO_Stop+Go', 'g/km', 0.014, 4.048, 0.249, 0.284, 0.014
146, 'PKW', 'PC', 2007, 'A2', 'AirsideTerminalbereich', 'Airside terminal area', 20, 'IO_Kern', 'g/km', 0.005, 1.458, 0.087, 0.203, 0.005
147, 'PKW', 'PC', 2007, 'A3', 'AirsideUmfahrung', 'Airside by-pass', 42, 'IO_HVS2', 'g/km', 0.003, 0.822, 0.049, 0.166, 0.005
148, 'PKW', 'PC', 2007, 'L1', 'LandsideAutobahnalsZubringer', 'Landside motorway feeder', 87, 'AB_80_gebunden', 'g/km', 0.001, 0.438, 0.025, 0.131, 0.003
149, 'PKW', 'PC', 2007, 'L2', 'LandsideHauptstraﬂealsZubringer', 'Landside main road feeder', 34, 'IO_LSA1', 'g/km', 0.003, 0.943, 0.056, 0.172, 0.005
150, 'PKW', 'PC', 2007, 'L3', 'LandsideVorfahrtenbereich', 'Landside give-way area', 20, 'IO_Kern', 'g/km', 0.005, 1.458, 0.087, 0.203, 0.005
151, 'PKW', 'PC', 2007, 'L4', 'LandsideZufahrtzumParking', 'Landside parking access', 20, 'IO_Kern', 'g/km', 0.005, 1.458, 0.087, 0.203, 0.005
152, 'PKW', 'PC', 2007, 'L5', 'LandsideImParkhaus/Parking', 'Landside parking', 5, 'IO_Stop+Go', 'g/km', 0.014, 4.048, 0.249, 0.284, 0.014
153, 'LKW', 'HDV', 2007, 'A1', 'AirsideVorfelder', 'Airside movement area', 5, 'IO_Stop+Go', 'g/km', 0.097, 3.626, 5.131, 10.488, 0.545
154, 'LKW', 'HDV', 2007, 'A2', 'AirsideTerminalbereich', 'Airside terminal area', 20, 'IO_Kern', 'g/km', 0.034, 1.359, 1.796, 4.513, 0.204
155, 'LKW', 'HDV', 2007, 'A3', 'AirsideUmfahrung', 'Airside by-pass', 42, 'IO_HVS2', 'g/km', 0.016, 0.724, 0.851, 2.687, 2.451
156, 'LKW', 'HDV', 2007, 'L1', 'LandsideAutobahnalsZubringer', 'Landside motorway feeder', 87, 'AB_80_gebunden', 'g/km', 0.008, 0.566, 0.447, 2.6, 0.078
157, 'LKW', 'HDV', 2007, 'L2', 'LandsideHauptstraﬂealsZubringer', 'Landside main road feeder', 34, 'IO_LSA1', 'g/km', 0.018, 0.783, 0.953, 2.959, 0.116
158, 'LKW', 'HDV', 2007, 'L3', 'LandsideVorfahrtenbereich', 'Landside give-way area', 20, 'IO_Kern', 'g/km', 0.034, 1.359, 1.796, 4.513, 0.204
159, 'LKW', 'HDV', 2007, 'L4', 'LandsideZufahrtzumParking', 'Landside parking access', 20, 'IO_Kern', 'g/km', 0.034, 1.359, 1.796, 4.513, 0.204
160, 'LKW', 'HDV', 2007, 'L5', 'LandsideImParkhaus/Parking', 'Landside parking', 5, 'IO_Stop+Go', 'g/km', 0.097, 3.626, 5.131, 10.488, 0.545
161, 'LNF', 'HDV', 2007, 'A1', 'AirsideVorfelder', 'Airside movement area', 5, 'IO_Stop+Go', 'g/km', 0.009, 2.103, 0.243, 0.953, 0.116
162, 'LNF', 'HDV', 2007, 'A2', 'AirsideTerminalbereich', 'Airside terminal area', 20, 'IO_Kern', 'g/km', 0.002, 0.582, 0.088, 0.675, 0.044
163, 'LNF', 'HDV', 2007, 'A3', 'AirsideUmfahrung', 'Airside by-pass', 42, 'IO_HVS2', 'g/km', 0.001, 0.365, 0.053, 0.485, 0.036
164, 'LNF', 'HDV', 2007, 'L1', 'LandsideAutobahnalsZubringer', 'Landside motorway feeder', 87, 'AB_80_gebunden', 'g/km', 0.001, 0.267, 0.033, 0.482, 0.032
165, 'LNF', 'HDV', 2007, 'L2', 'LandsideHauptstraﬂealsZubringer', 'Landside main road feeder', 34, 'IO_LSA1', 'g/km', 0.002, 0.405, 0.059, 0.515, 0.035
166, 'LNF', 'HDV', 2007, 'L3', 'LandsideVorfahrtenbereich', 'Landside give-way area', 20, 'IO_Kern', 'g/km', 0.002, 0.582, 0.088, 0.675, 0.044
167, 'LNF', 'HDV', 2007, 'L4', 'LandsideZufahrtzumParking', 'Landside parking access', 20, 'IO_Kern', 'g/km', 0.002, 0.582, 0.088, 0.675, 0.044
168, 'LNF', 'HDV', 2007, 'L5', 'LandsideImParkhaus/Parking', 'Landside parking', 5, 'IO_Stop+Go', 'g/km', 0.009, 2.103, 0.243, 0.953, 0.116
169, 'PKW', 'PC', 2008, 'A1', 'AirsideVorfelder', 'Airside movement area', 5, 'IO_Stop+Go', 'g/km', 0.012, 3.804, 0.224, 0.26, 0.013
170, 'PKW', 'PC', 2008, 'A2', 'AirsideTerminalbereich', 'Airside terminal area', 20, 'IO_Kern', 'g/km', 0.004, 1.378, 0.079, 0.185, 0.005
171, 'PKW', 'PC', 2008, 'A3', 'AirsideUmfahrung', 'Airside by-pass', 42, 'IO_HVS2', 'g/km', 0.002, 0.776, 0.044, 0.15, 0.005
172, 'PKW', 'PC', 2008, 'L1', 'LandsideAutobahnalsZubringer', 'Landside motorway feeder', 87, 'AB_80_gebunden', 'g/km', 0.001, 0.429, 0.024, 0.123, 0.003
173, 'PKW', 'PC', 2008, 'L2', 'LandsideHauptstraﬂealsZubringer', 'Landside main road feeder', 34, 'IO_LSA1', 'g/km', 0.003, 0.891, 0.05, 0.156, 0.004
174, 'PKW', 'PC', 2008, 'L3', 'LandsideVorfahrtenbereich', 'Landside give-way area', 20, 'IO_Kern', 'g/km', 0.004, 1.378, 0.079, 0.185, 0.005
175, 'PKW', 'PC', 2008, 'L4', 'LandsideZufahrtzumParking', 'Landside parking access', 20, 'IO_Kern', 'g/km', 0.004, 1.378, 0.079, 0.185, 0.005
176, 'PKW', 'PC', 2008, 'L5', 'LandsideImParkhaus/Parking', 'Landside parking', 5, 'IO_Stop+Go', 'g/km', 0.012, 3.804, 0.224, 0.26, 0.013
177, 'LKW', 'HDV', 2008, 'A1', 'AirsideVorfelder', 'Airside movement area', 5, 'IO_Stop+Go', 'g/km', 0.093, 3.317, 4.892, 9.563, 0.467
178, 'LKW', 'HDV', 2008, 'A2', 'AirsideTerminalbereich', 'Airside terminal area', 20, 'IO_Kern', 'g/km', 0.033, 1.243, 1.712, 4.115, 0.175
179, 'LKW', 'HDV', 2008, 'A3', 'AirsideUmfahrung', 'Airside by-pass', 42, 'IO_HVS2', 'g/km', 0.106, 0.015, 534.852, 0.812, 0.091
180, 'LKW', 'HDV', 2008, 'L1', 'LandsideAutobahnalsZubringer', 'Landside motorway feeder', 87, 'AB_80_gebunden', 'g/km', 0.008, 0.518, 0.427, 2.371, 0.067
181, 'LKW', 'HDV', 2008, 'L2', 'LandsideHauptstraﬂealsZubringer', 'Landside main road feeder', 34, 'IO_LSA1', 'g/km', 0.017, 0.716, 0.908, 2.699, 0.1
182, 'LKW', 'HDV', 2008, 'L3', 'LandsideVorfahrtenbereich', 'Landside give-way area', 20, 'IO_Kern', 'g/km', 0.033, 1.243, 1.712, 4.115, 0.175
183, 'LKW', 'HDV', 2008, 'L4', 'LandsideZufahrtzumParking', 'Landside parking access', 20, 'IO_Kern', 'g/km', 0.033, 1.243, 1.712, 4.115, 0.175
184, 'LKW', 'HDV', 2008, 'L5', 'LandsideImParkhaus/Parking', 'Landside parking', 5, 'IO_Stop+Go', 'g/km', 0.093, 3.317, 4.892, 9.563, 0.467
185, 'LNF', 'LDV', 2008, 'A1', 'AirsideVorfelder', 'Airside movement area', 5, 'IO_Stop+Go', 'g/km', 0.008, 1.946, 0.221, 0.887, 0.105
186, 'LNF', 'LDV', 2008, 'A2', 'AirsideTerminalbereich', 'Airside terminal area', 20, 'IO_Kern', 'g/km', 0.002, 0.53, 0.08, 0.627, 0.039
187, 'LNF', 'LDV', 2008, 'A3', 'AirsideUmfahrung', 'Airside by-pass', 42, 'IO_HVS2', 'g/km', 0.001, 0.333, 0.048, 0.45, 0.033
188, 'LNF', 'LDV', 2008, 'L1', 'LandsideAutobahnalsZubringer', 'Landside motorway feeder', 87, 'AB_80_gebunden', 'g/km', 0.001, 0.246, 0.03, 0.447, 0.029
189, 'LNF', 'LDV', 2008, 'L2', 'LandsideHauptstraﬂealsZubringer', 'Landside main road feeder', 34, 'IO_LSA1', 'g/km', 0.001, 0.37, 0.054, 0.478, 0.032
190, 'LNF', 'LDV', 2008, 'L3', 'LandsideVorfahrtenbereich', 'Landside give-way area', 20, 'IO_Kern', 'g/km', 0.002, 0.53, 0.08, 0.627, 0.039
191, 'LNF', 'LDV', 2008, 'L4', 'LandsideZufahrtzumParking', 'Landside parking access', 20, 'IO_Kern', 'g/km', 0.002, 0.53, 0.08, 0.627, 0.039
192, 'LNF', 'LDV', 2008, 'L5', 'LandsideImParkhaus/Parking', 'Landside parking', 5, 'IO_Stop+Go', 'g/km', 0.008, 1.946, 0.221, 0.887, 0.105
193, 'PKW', 'PC', 2009, 'A1', 'AirsideVorfelder', 'Airside movement area', 5, 'IO_Stop+Go', 'g/km', 0.011, 3.623, 0.207, 0.238, 0.012
194, 'PKW', 'PC', 2009, 'A2', 'AirsideTerminalbereich', 'Airside terminal area', 20, 'IO_Kern', 'g/km', 0.004, 1.318, 0.073, 0.169, 0.005
195, 'PKW', 'PC', 2009, 'A3', 'AirsideUmfahrung', 'Airside by-pass', 42, 'IO_HVS2', 'g/km', 0.002, 0.741, 0.041, 0.137, 0.004
196, 'PKW', 'PC', 2009, 'L1', 'LandsideAutobahnalsZubringer', 'Landside motorway feeder', 87, 'AB_80_gebunden', 'g/km', 0.001, 0.423, 0.023, 0.115, 0.003
197, 'PKW', 'PC', 2009, 'L2', 'LandsideHauptstraﬂealsZubringer', 'Landside main road feeder', 34, 'IO_LSA1', 'g/km', 0.002, 0.851, 0.046, 0.142, 0.004
198, 'PKW', 'PC', 2009, 'L3', 'LandsideVorfahrtenbereich', 'Landside give-way area', 20, 'IO_Kern', 'g/km', 0.004, 1.318, 0.073, 0.169, 0.005
199, 'PKW', 'PC', 2009, 'L4', 'LandsideZufahrtzumParking', 'Landside parking access', 20, 'IO_Kern', 'g/km', 0.004, 1.318, 0.073, 0.169, 0.005
200, 'PKW', 'PC', 2009, 'L5', 'LandsideImParkhaus/Parking', 'Landside parking', 5, 'IO_Stop+Go', 'g/km', 0.011, 3.623, 0.207, 0.238, 0.012
201, 'LKW', 'HDV', 2009, 'A1', 'AirsideVorfelder', 'Airside movement area', 5, 'IO_Stop+Go', 'g/km', 0.089, 3.059, 4.693, 8.649, 0.402
202, 'LKW', 'HDV', 2009, 'A2', 'AirsideTerminalbereich', 'Airside terminal area', 20, 'IO_Kern', 'g/km', 0.031, 1.146, 1.643, 3.722, 0.151
203, 'LKW', 'HDV', 2009, 'A3', 'AirsideUmfahrung', 'Airside by-pass', 42, 'IO_HVS2', 'g/km', 0.015, 0.611, 0.779, 2.216, 0.078
204, 'LKW', 'HDV', 2009, 'L1', 'LandsideAutobahnalsZubringer', 'Landside motorway feeder', 87, 'AB_80_gebunden', 'g/km', 0.008, 0.479, 0.41, 2.145, 0.057
205, 'LKW', 'HDV', 2009, 'L2', 'LandsideHauptstraﬂealsZubringer', 'Landside main road feeder', 34, 'IO_LSA1', 'g/km', 0.017, 0.661, 0.871, 2.441, 0.086
206, 'LKW', 'HDV', 2009, 'L3', 'LandsideVorfahrtenbereich', 'Landside give-way area', 20, 'IO_Kern', 'g/km', 0.031, 1.146, 1.643, 3.722, 0.151
207, 'LKW', 'HDV', 2009, 'L4', 'LandsideZufahrtzumParking', 'Landside parking access', 20, 'IO_Kern', 'g/km', 0.031, 1.146, 1.643, 3.722, 0.151
208, 'LKW', 'HDV', 2009, 'L5', 'LandsideImParkhaus/Parking', 'Landside parking', 5, 'IO_Stop+Go', 'g/km', 0.089, 3.059, 4.693, 8.649, 0.402
209, 'LNF', 'LDV', 2009, 'A1', 'AirsideVorfelder', 'Airside movement area', 5, 'IO_Stop+Go', 'g/km', 0.007, 1.792, 0.2, 0.829, 0.095
210, 'LNF', 'LDV', 2009, 'A2', 'AirsideTerminalbereich', 'Airside terminal area', 20, 'IO_Kern', 'g/km', 0.002, 0.482, 0.072, 0.585, 0.036
211, 'LNF', 'LDV', 2009, 'A3', 'AirsideUmfahrung', 'Airside by-pass', 42, 'IO_HVS2', 'g/km', 0.001, 0.305, 0.044, 0.419, 0.03
212, 'LNF', 'LDV', 2009, 'L1', 'LandsideAutobahnalsZubringer', 'Landside motorway feeder', 87, 'AB_80_gebunden', 'g/km', 0.001, 0.227, 0.028, 0.417, 0.026
213, 'LNF', 'LDV', 2009, 'L2', 'LandsideHauptstraﬂealsZubringer', 'Landside main road feeder', 34, 'IO_LSA1', 'g/km', 0.001, 0.338, 0.049, 0.446, 0.029
214, 'LNF', 'LDV', 2009, 'L3', 'LandsideVorfahrtenbereich', 'Landside give-way area', 20, 'IO_Kern', 'g/km', 0.002, 0.482, 0.072, 0.585, 0.036
215, 'LNF', 'LDV', 2009, 'L4', 'LandsideZufahrtzumParking', 'Landside parking access', 20, 'IO_Kern', 'g/km', 0.002, 0.482, 0.072, 0.585, 0.036
216, 'LNF', 'LDV', 2009, 'L5', 'LandsideImParkhaus/Parking', 'Landside parking', 5, 'IO_Stop+Go', 'g/km', 0.007, 1.792, 0.2, 0.829, 0.095
217, 'PKW', 'PC', 2010, 'A1', 'AirsideVorfelder', 'Airside movement area', 5, 'IO_Stop+Go', 'g/km', 0.011, 3.479, 0.195, 0.222, 0.011
218, 'PKW', 'PC', 2010, 'A2', 'AirsideTerminalbereich', 'Airside terminal area', 20, 'IO_Kern', 'g/km', 0.004, 1.268, 0.068, 0.157, 0.004
219, NULL, 'PC', 2008, 'P1', NULL, 'Cold Start', 0, NULL, 'g', NULL, 22.65314, 3.0391, 1.32375, 0
220, NULL, 'PC', 2009, 'P1', NULL, 'Cold Start', 0, NULL, 'g', NULL, 22.65314, 3.0391, 1.32375, 0
221, NULL, 'PC', 2010, 'P1', NULL, 'Cold Start', 0, NULL, 'g', NULL, 22.65314, 3.0391, 1.32375, 0
222, NULL, 'LDV', 1998, 'P2', NULL, 'Fuel Evaporation', 0, NULL, 'g/h', NULL, 0, 0.06125, 0, 0
223, NULL, 'LDV', 1999, 'P2', NULL, 'Fuel Evaporation', 0, NULL, 'g/h', NULL, 0, 0.06125, 0, 0
224, NULL, 'LDV', 2000, 'P2', NULL, 'Fuel Evaporation', 0, NULL, 'g/h', NULL, 0, 0.06125, 0, 0
225, NULL, 'LDV', 2001, 'P2', NULL, 'Fuel Evaporation', 0, NULL, 'g/h', NULL, 0, 0.06125, 0, 0
226, NULL, 'LDV', 2002, 'P2', NULL, 'Fuel Evaporation', 0, NULL, 'g/h', NULL, 0, 0.06125, 0, 0
227, NULL, 'LDV', 2003, 'P2', NULL, 'Fuel Evaporation', 0, NULL, 'g/h', NULL, 0, 0.06125, 0, 0
228, NULL, 'LDV', 2004, 'P2', NULL, 'Fuel Evaporation', 0, NULL, 'g/h', NULL, 0, 0.06125, 0, 0
229, NULL, 'LDV', 2005, 'P2', NULL, 'Fuel Evaporation', 0, NULL, 'g/h', NULL, 0, 0.06125, 0, 0
230, NULL, 'LDV', 2006, 'P2', NULL, 'Fuel Evaporation', 0, NULL, 'g/h', NULL, 0, 0.06125, 0, 0
231, NULL, 'LDV', 2007, 'P2', NULL, 'Fuel Evaporation', 0, NULL, 'g/h', NULL, 0, 0.06125, 0, 0
232, NULL, 'LDV', 2008, 'P2', NULL, 'Fuel Evaporation', 0, NULL, 'g/h', NULL, 0, 0.06125, 0, 0
233, NULL, 'LDV', 2009, 'P2', NULL, 'Fuel Evaporation', 0, NULL, 'g/h', NULL, 0, 0.06125, 0, 0
234, NULL, 'LDV', 2010, 'P2', NULL, 'Fuel Evaporation', 0, NULL, 'g/h', NULL, 0, 0.06125, 0, 0
235, NULL, 'LDV', 1998, 'P3', NULL, 'Turn-off', 0, NULL, 'g', NULL, 0, 0.77, 0, 0
236, NULL, 'LDV', 1999, 'P3', NULL, 'Turn-off', 0, NULL, 'g', NULL, 0, 0.77, 0, 0
237, NULL, 'LDV', 2000, 'P3', NULL, 'Turn-off', 0, NULL, 'g', NULL, 0, 0.77, 0, 0
238, NULL, 'LDV', 2001, 'P3', NULL, 'Turn-off', 0, NULL, 'g', NULL, 0, 0.77, 0, 0
239, NULL, 'LDV', 2002, 'P3', NULL, 'Turn-off', 0, NULL, 'g', NULL, 0, 0.77, 0, 0
240, NULL, 'LDV', 2003, 'P3', NULL, 'Turn-off', 0, NULL, 'g', NULL, 0, 0.77, 0, 0
241, NULL, 'LDV', 2004, 'P3', NULL, 'Turn-off', 0, NULL, 'g', NULL, 0, 0.77, 0, 0
242, NULL, 'LDV', 2005, 'P3', NULL, 'Turn-off', 0, NULL, 'g', NULL, 0, 0.77, 0, 0
243, NULL, 'LDV', 2006, 'P3', NULL, 'Turn-off', 0, NULL, 'g', NULL, 0, 0.77, 0, 0
244, NULL, 'LDV', 2007, 'P3', NULL, 'Turn-off', 0, NULL, 'g', NULL, 0, 0.77, 0, 0
245, NULL, 'LDV', 2008, 'P3', NULL, 'Turn-off', 0, NULL, 'g', NULL, 0, 0.77, 0, 0
246, NULL, 'LDV', 2009, 'P3', NULL, 'Turn-off', 0, NULL, 'g', NULL, 0, 0.77, 0, 0
247, NULL, 'LDV', 2010, 'P3', NULL, 'Turn-off', 0, NULL, 'g', NULL, 0, 0.77, 0, 0
248, NULL, 'LDV', 1998, 'P1', NULL, 'Cold Start', 0, NULL, 'g', NULL, 19.83872, 2.927, 2.56152, 0
249, NULL, 'LDV', 1999, 'P1', NULL, 'Cold Start', 0, NULL, 'g', NULL, 19.83872, 2.927, 2.56152, 0
250, NULL, 'LDV', 2000, 'P1', NULL, 'Cold Start', 0, NULL, 'g', NULL, 19.83872, 2.927, 2.56152, 0
251, NULL, 'LDV', 2001, 'P1', NULL, 'Cold Start', 0, NULL, 'g', NULL, 19.83872, 2.927, 2.56152, 0
252, NULL, 'LDV', 2002, 'P1', NULL, 'Cold Start', 0, NULL, 'g', NULL, 19.83872, 2.927, 2.56152, 0
253, NULL, 'LDV', 2003, 'P1', NULL, 'Cold Start', 0, NULL, 'g', NULL, 19.83872, 2.927, 2.56152, 0
254, NULL, 'LDV', 2004, 'P1', NULL, 'Cold Start', 0, NULL, 'g', NULL, 19.83872, 2.927, 2.56152, 0
255, NULL, 'LDV', 2005, 'P1', NULL, 'Cold Start', 0, NULL, 'g', NULL, 19.83872, 2.927, 2.56152, 0
256, NULL, 'LDV', 2006, 'P1', NULL, 'Cold Start', 0, NULL, 'g', NULL, 19.83872, 2.927, 2.56152, 0
257, NULL, 'LDV', 2007, 'P1', NULL, 'Cold Start', 0, NULL, 'g', NULL, 19.83872, 2.927, 2.56152, 0
258, NULL, 'LDV', 2008, 'P1', NULL, 'Cold Start', 0, NULL, 'g', NULL, 19.83872, 2.927, 2.56152, 0
259, 'PKW', 'PC', 2010, 'A3', 'AirsideUmfahrung', 'Airside by-pass', 42, 'IO_HVS2', 'g/km', 0.002, 0.712, 0.038, 0.126, 0.004
260, 'PKW', 'PC', 2010, 'L1', 'LandsideAutobahnalsZubringer', 'Landside motorway feeder', 87, 'AB_80_gebunden', 'g/km', 0.001, 0.419, 0.022, 0.11, 0.002
261, 'PKW', 'PC', 2010, 'L2', 'LandsideHauptstraﬂealsZubringer', 'Landside main road feeder', 34, 'IO_LSA1', 'g/km', 0.002, 0.819, 0.044, 0.131, 0.004
262, 'PKW', 'PC', 2010, 'L3', 'LandsideVorfahrtenbereich', 'Landside give-way area', 20, 'IO_Kern', 'g/km', 0.004, 1.268, 0.068, 0.157, 0.004
263, 'PKW', 'PC', 2010, 'L4', 'LandsideZufahrtzumParking', 'Landside parking access', 20, 'IO_Kern', 'g/km', 0.004, 1.268, 0.068, 0.157, 0.004
264, 'PKW', 'PC', 2010, 'L5', 'LandsideImParkhaus/Parking', 'Landside parking', 5, 'IO_Stop+Go', 'g/km', 0.011, 3.479, 0.195, 0.222, 0.011
265, 'LKW', 'HDV', 2010, 'A1', 'AirsideVorfelder', 'Airside movement area', 5, 'IO_Stop+Go', 'g/km', 0.086, 2.845, 4.526, 7.825, 0.347
266, 'LKW', 'HDV', 2010, 'A2', 'AirsideTerminalbereich', 'Airside terminal area', 20, 'IO_Kern', 'g/km', 0.03, 1.066, 1.584, 3.367, 0.13
267, 'LKW', 'HDV', 2010, 'A3', 'AirsideUmfahrung', 'Airside by-pass', 42, 'IO_HVS2', 'g/km', 0.014, 0.568, 0.751, 2.005, 0.067
268, 'LKW', 'HDV', 2010, 'L1', 'LandsideAutobahnalsZubringer', 'Landside motorway feeder', 87, 'AB_80_gebunden', 'g/km', 0.008, 0.446, 0.396, 1.941, 0.05
269, 'LKW', 'HDV', 2010, 'L2', 'LandsideHauptstraﬂealsZubringer', 'Landside main road feeder', 34, 'IO_LSA1', 'g/km', 0.016, 0.614, 0.84, 2.208, 0.074
270, 'LKW', 'HDV', 2010, 'L3', 'LandsideVorfahrtenbereich', 'Landside give-way area', 20, 'IO_Kern', 'g/km', 0.03, 1.066, 1.584, 3.367, 0.13
271, 'LKW', 'HDV', 2010, 'L4', 'LandsideZufahrtzumParking', 'Landside parking access', 20, 'IO_Kern', 'g/km', 0.03, 1.066, 1.584, 3.367, 0.13
272, 'LKW', 'HDV', 2010, 'L5', 'LandsideImParkhaus/Parking', 'Landside parking', 5, 'IO_Stop+Go', 'g/km', 0.086, 2.845, 4.526, 7.825, 0.347
273, 'LNF', 'LDV', 2010, 'A1', 'AirsideVorfelder', 'Airside movement area', 5, 'IO_Stop+Go', 'g/km', 0.007, 1.69, 0.186, 0.776, 0.086
274, 'LNF', 'LDV', 2010, 'A2', 'AirsideTerminalbereich', 'Airside terminal area', 20, 'IO_Kern', 'g/km', 0.002, 0.447, 0.067, 0.547, 0.032
275, 'LNF', 'LDV', 2010, 'A3', 'AirsideUmfahrung', 'Airside by-pass', 42, 'IO_HVS2', 'g/km', 0.001, 0.283, 0.041, 0.391, 0.027
276, 'LNF', 'LDV', 2010, 'L1', 'LandsideAutobahnalsZubringer', 'Landside motorway feeder', 87, 'AB_80_gebunden', 'g/km', 0.001, 0.213, 0.026, 0.39, 0.024
277, 'LNF', 'LDV', 2010, 'L2', 'LandsideHauptstraﬂealsZubringer', 'Landside main road feeder', 34, 'IO_LSA1', 'g/km', 0.001, 0.314, 0.046, 0.416, 0.026
278, 'LNF', 'LDV', 2010, 'L3', 'LandsideVorfahrtenbereich', 'Landside give-way area', 20, 'IO_Kern', 'g/km', 0.002, 0.447, 0.067, 0.547, 0.032
279, 'LNF', 'LDV', 2010, 'L4', 'LandsideZufahrtzumParking', 'Landside parking access', 20, 'IO_Kern', 'g/km', 0.002, 0.447, 0.067, 0.547, 0.032
280, 'LNF', 'LDV', 2010, 'L5', 'LandsideImParkhaus/Parking', 'Landside parking', 5, 'IO_Stop+Go', 'g/km', 0.007, 1.69, 0.186, 0.776, 0.086
281, NULL, 'PC', 1998, 'P2', NULL, 'Fuel Evaporation', 0, NULL, 'g/h', NULL, 0, 0.04041, 0, 0
282, NULL, 'PC', 1999, 'P2', NULL, 'Fuel Evaporation', 0, NULL, 'g/h', NULL, 0, 0.04041, 0, 0
283, NULL, 'PC', 2000, 'P2', NULL, 'Fuel Evaporation', 0, NULL, 'g/h', NULL, 0, 0.04041, 0, 0
284, NULL, 'PC', 2001, 'P2', NULL, 'Fuel Evaporation', 0, NULL, 'g/h', NULL, 0, 0.04041, 0, 0
285, NULL, 'PC', 2002, 'P2', NULL, 'Fuel Evaporation', 0, NULL, 'g/h', NULL, 0, 0.04041, 0, 0
286, NULL, 'PC', 2003, 'P2', NULL, 'Fuel Evaporation', 0, NULL, 'g/h', NULL, 0, 0.04041, 0, 0
287, NULL, 'PC', 2004, 'P2', NULL, 'Fuel Evaporation', 0, NULL, 'g/h', NULL, 0, 0.04041, 0, 0
288, NULL, 'PC', 2005, 'P2', NULL, 'Fuel Evaporation', 0, NULL, 'g/h', NULL, 0, 0.04041, 0, 0
289, NULL, 'PC', 2006, 'P2', NULL, 'Fuel Evaporation', 0, NULL, 'g/h', NULL, 0, 0.04041, 0, 0
290, NULL, 'PC', 2007, 'P2', NULL, 'Fuel Evaporation', 0, NULL, 'g/h', NULL, 0, 0.04041, 0, 0
291, NULL, 'PC', 2008, 'P2', NULL, 'Fuel Evaporation', 0, NULL, 'g/h', NULL, 0, 0.04041, 0, 0
292, NULL, 'PC', 2009, 'P2', NULL, 'Fuel Evaporation', 0, NULL, 'g/h', NULL, 0, 0.04041, 0, 0
293, NULL, 'PC', 2010, 'P2', NULL, 'Fuel Evaporation', 0, NULL, 'g/h', NULL, 0, 0.04041, 0, 0
294, NULL, 'PC', 1998, 'P3', NULL, 'Turn-off', 0, NULL, 'g', NULL, 0, 0.84, 0, 0
295, NULL, 'PC', 1999, 'P3', NULL, 'Turn-off', 0, NULL, 'g', NULL, 0, 0.84, 0, 0
296, NULL, 'PC', 2000, 'P3', NULL, 'Turn-off', 0, NULL, 'g', NULL, 0, 0.84, 0, 0
297, NULL, 'PC', 2001, 'P3', NULL, 'Turn-off', 0, NULL, 'g', NULL, 0, 0.84, 0, 0
298, NULL, 'PC', 2002, 'P3', NULL, 'Turn-off', 0, NULL, 'g', NULL, 0, 0.84, 0, 0
299, NULL, 'PC', 2003, 'P3', NULL, 'Turn-off', 0, NULL, 'g', NULL, 0, 0.84, 0, 0
300, NULL, 'PC', 2004, 'P3', NULL, 'Turn-off', 0, NULL, 'g', NULL, 0, 0.84, 0, 0
301, NULL, 'PC', 2005, 'P3', NULL, 'Turn-off', 0, NULL, 'g', NULL, 0, 0.84, 0, 0
302, NULL, 'PC', 2006, 'P3', NULL, 'Turn-off', 0, NULL, 'g', NULL, 0, 0.84, 0, 0
303, NULL, 'PC', 2007, 'P3', NULL, 'Turn-off', 0, NULL, 'g', NULL, 0, 0.84, 0, 0
304, NULL, 'PC', 2008, 'P3', NULL, 'Turn-off', 0, NULL, 'g', NULL, 0, 0.84, 0, 0
305, NULL, 'PC', 2009, 'P3', NULL, 'Turn-off', 0, NULL, 'g', NULL, 0, 0.84, 0, 0
306, NULL, 'PC', 2010, 'P3', NULL, 'Turn-off', 0, NULL, 'g', NULL, 0, 0.84, 0, 0
307, NULL, 'PC', 1998, 'P1', NULL, 'Cold Start', 0, NULL, 'g', NULL, 22.65314, 3.0391, 1.32375, 0
308, NULL, 'PC', 1999, 'P1', NULL, 'Cold Start', 0, NULL, 'g', NULL, 22.65314, 3.0391, 1.32375, 0
309, NULL, 'PC', 2000, 'P1', NULL, 'Cold Start', 0, NULL, 'g', NULL, 22.65314, 3.0391, 1.32375, 0
310, NULL, 'PC', 2001, 'P1', NULL, 'Cold Start', 0, NULL, 'g', NULL, 22.65314, 3.0391, 1.32375, 0
311, NULL, 'PC', 2002, 'P1', NULL, 'Cold Start', 0, NULL, 'g', NULL, 22.65314, 3.0391, 1.32375, 0
312, NULL, 'PC', 2003, 'P1', NULL, 'Cold Start', 0, NULL, 'g', NULL, 22.65314, 3.0391, 1.32375, 0
313, NULL, 'PC', 2004, 'P1', NULL, 'Cold Start', 0, NULL, 'g', NULL, 22.65314, 3.0391, 1.32375, 0
314, NULL, 'PC', 2005, 'P1', NULL, 'Cold Start', 0, NULL, 'g', NULL, 22.65314, 3.0391, 1.32375, 0
315, NULL, 'PC', 2006, 'P1', NULL, 'Cold Start', 0, NULL, 'g', NULL, 22.65314, 3.0391, 1.32375, 0
316, NULL, 'PC', 2007, 'P1', NULL, 'Cold Start', 0, NULL, 'g', NULL, 22.65314, 3.0391, 1.32375, 0
317, NULL, 'LDV', 2009, 'P1', NULL, 'Cold Start', 0, NULL, 'g', NULL, 19.83872, 2.927, 2.56152, 0
318, NULL, 'LDV', 2010, 'P1', NULL, 'Cold Start', 0, NULL, 'g', NULL, 19.83872, 2.927, 2.56152, 0
319, NULL, 'HDV', 1998, 'P2', NULL, 'Fuel Evaporation', 0, NULL, 'g/h', NULL, 0, 0, 0, 0
320, NULL, 'HDV', 1999, 'P2', NULL, 'Fuel Evaporation', 0, NULL, 'g/h', NULL, 0, 0, 0, 0
321, NULL, 'HDV', 2000, 'P2', NULL, 'Fuel Evaporation', 0, NULL, 'g/h', NULL, 0, 0, 0, 0
322, NULL, 'HDV', 2001, 'P2', NULL, 'Fuel Evaporation', 0, NULL, 'g/h', NULL, 0, 0, 0, 0
323, NULL, 'HDV', 2002, 'P2', NULL, 'Fuel Evaporation', 0, NULL, 'g/h', NULL, 0, 0, 0, 0
324, NULL, 'HDV', 2003, 'P2', NULL, 'Fuel Evaporation', 0, NULL, 'g/h', NULL, 0, 0, 0, 0
325, NULL, 'HDV', 2004, 'P2', NULL, 'Fuel Evaporation', 0, NULL, 'g/h', NULL, 0, 0, 0, 0
326, NULL, 'HDV', 2005, 'P2', NULL, 'Fuel Evaporation', 0, NULL, 'g/h', NULL, 0, 0, 0, 0
327, NULL, 'HDV', 2006, 'P2', NULL, 'Fuel Evaporation', 0, NULL, 'g/h', NULL, 0, 0, 0, 0
328, NULL, 'HDV', 2007, 'P2', NULL, 'Fuel Evaporation', 0, NULL, 'g/h', NULL, 0, 0, 0, 0
329, NULL, 'HDV', 2008, 'P2', NULL, 'Fuel Evaporation', 0, NULL, 'g/h', NULL, 0, 0, 0, 0
330, NULL, 'HDV', 2009, 'P2', NULL, 'Fuel Evaporation', 0, NULL, 'g/h', NULL, 0, 0, 0, 0
331, NULL, 'HDV', 2010, 'P2', NULL, 'Fuel Evaporation', 0, NULL, 'g/h', NULL, 0, 0, 0, 0
332, NULL, 'HDV', 1998, 'P3', NULL, 'Turn-off', 0, NULL, 'g', NULL, 0, 0, 0, 0
333, NULL, 'HDV', 1999, 'P3', NULL, 'Turn-off', 0, NULL, 'g', NULL, 0, 0, 0, 0
334, NULL, 'HDV', 2000, 'P3', NULL, 'Turn-off', 0, NULL, 'g', NULL, 0, 0, 0, 0
335, NULL, 'HDV', 2001, 'P3', NULL, 'Turn-off', 0, NULL, 'g', NULL, 0, 0, 0, 0
336, NULL, 'HDV', 2002, 'P3', NULL, 'Turn-off', 0, NULL, 'g', NULL, 0, 0, 0, 0
337, NULL, 'HDV', 2003, 'P3', NULL, 'Turn-off', 0, NULL, 'g', NULL, 0, 0, 0, 0
338, NULL, 'HDV', 2004, 'P3', NULL, 'Turn-off', 0, NULL, 'g', NULL, 0, 0, 0, 0
339, NULL, 'HDV', 2005, 'P3', NULL, 'Turn-off', 0, NULL, 'g', NULL, 0, 0, 0, 0
340, NULL, 'HDV', 2006, 'P3', NULL, 'Turn-off', 0, NULL, 'g', NULL, 0, 0, 0, 0
341, NULL, 'HDV', 2007, 'P3', NULL, 'Turn-off', 0, NULL, 'g', NULL, 0, 0, 0, 0
342, NULL, 'HDV', 2008, 'P3', NULL, 'Turn-off', 0, NULL, 'g', NULL, 0, 0, 0, 0
343, NULL, 'HDV', 2009, 'P3', NULL, 'Turn-off', 0, NULL, 'g', NULL, 0, 0, 0, 0
344, NULL, 'HDV', 2010, 'P3', NULL, 'Turn-off', 0, NULL, 'g', NULL, 0, 0, 0, 0
345, NULL, 'HDV', 1998, 'P1', NULL, 'Cold Start', 0, NULL, 'g', NULL, 0, 0, 0, 0
346, NULL, 'HDV', 1999, 'P1', NULL, 'Cold Start', 0, NULL, 'g', NULL, 0, 0, 0, 0
347, NULL, 'HDV', 2000, 'P1', NULL, 'Cold Start', 0, NULL, 'g', NULL, 0, 0, 0, 0
348, NULL, 'HDV', 2001, 'P1', NULL, 'Cold Start', 0, NULL, 'g', NULL, 0, 0, 0, 0
349, NULL, 'HDV', 2002, 'P1', NULL, 'Cold Start', 0, NULL, 'g', NULL, 0, 0, 0, 0
350, NULL, 'HDV', 2003, 'P1', NULL, 'Cold Start', 0, NULL, 'g', NULL, 0, 0, 0, 0
351, NULL, 'HDV', 2004, 'P1', NULL, 'Cold Start', 0, NULL, 'g', NULL, 0, 0, 0, 0
352, NULL, 'HDV', 2005, 'P1', NULL, 'Cold Start', 0, NULL, 'g', NULL, 0, 0, 0, 0
353, NULL, 'HDV', 2006, 'P1', NULL, 'Cold Start', 0, NULL, 'g', NULL, 0, 0, 0, 0
354, NULL, 'HDV', 2007, 'P1', NULL, 'Cold Start', 0, NULL, 'g', NULL, 0, 0, 0, 0
355, NULL, 'HDV', 2008, 'P1', NULL, 'Cold Start', 0, NULL, 'g', NULL, 0, 0, 0, 0
356, NULL, 'HDV', 2009, 'P1', NULL, 'Cold Start', 0, NULL, 'g', NULL, 0, 0, 0, 0
357, NULL, 'HDV', 2010, 'P1', NULL, 'Cold Start', 0, NULL, 'g', NULL, 0, 0, 0, 0