'707', NULL, 'B701', 'B703', 'JT3C', NULL, 'B707-120/JT3C', 'INM 6.1 aircraft.dbf'
'707120', NULL, 'B701', 'B703', 'JT3D-3B', '1PW001', 'B707-120B/JT3D-3', 'INM 6.1 aircraft.dbf'
'707320', NULL, 'B703', 'B703', 'JT3D-7 SERIES', '1PW002', 'B707-320B/JT3D-7', 'INM 6.1 aircraft.dbf'
'7073SH', '707QN', 'B703', 'B703', 'C w/Shannon H/K', NULL, '707-300 ADV/C w/Shannon H/K', 'INM 6.1 acft_sub.dbf'
'707C56', 'DC870', 'B703', 'B703', 'CFM56-5B', NULL, '707 w/CFM56', 'INM 6.1 acft_sub.dbf'
'707QN', NULL, 'B703', 'B703', 'JT3D-7 SERIES', '1PW002', 'B707-320B/JT3D-7QN', 'INM 6.1 aircraft.dbf'
'717', '717200', 'B712', 'B712', NULL, NULL, 'BOEING 717-200 (MD-95) 114000 LBS', 'INM 6.1 acft_sub.dbf'
'717200', NULL, 'B712', 'B712', 'BR715', NULL, '717-200 / BR 715', 'INM 6.1 aircraft.dbf'
'717ER', '717200', 'B712', 'B712', NULL, NULL, 'BOEING 717-200 (MD-95) 121000 LBS', 'INM 6.1 acft_sub.dbf'
'720', NULL, 'B720', 'B703', 'JT3C', NULL, 'B720/JT3C', 'INM 6.1 aircraft.dbf'
'720B', NULL, 'B720', 'B703', 'JT3D-3', NULL, 'B720B/JT3D-3', 'INM 6.1 aircraft.dbf'
'720TJ', 'DC820', 'B720', 'B703', NULL, NULL, 'B720 Turbojet', 'INM 6.1 acft_sub.dbf'
'727100', NULL, 'B721', 'B722', 'JT8D-7', NULL, 'B727-100/JT8D-7', 'INM 6.1 aircraft.dbf'
'727200', NULL, 'B722', 'B722', 'JT8D-7', NULL, 'B727-200/JT8D-7', 'INM 6.1 aircraft.dbf'
'727D15', NULL, 'B722', 'B722', 'JT8D-15', '1PW009', 'B727-200/JT8D-15', 'INM 6.1 aircraft.dbf'
'727D17', NULL, 'B722', 'B722', 'JT8D-17', '1PW012', 'B727-200/JT8D-17', 'INM 6.1 aircraft.dbf'
'727EM1', NULL, 'B721', 'B722', 'JT8D-7', NULL, 'FEDX 727-100/JT8D-7', 'INM 6.1 aircraft.dbf'
'727EM2', NULL, 'B722', 'B722', 'JT8D-15', '1PW009', 'FEDX 727-200/JT8D-15', 'INM 6.1 aircraft.dbf'
'727Q15', NULL, 'B722', 'B722', 'JT8D-15QN', NULL, 'B727-200/JT8D-15QN', 'INM 6.1 aircraft.dbf'
'727Q7', NULL, 'B721', 'B722', 'JT8D-7QN', NULL, 'B727-100/JT8D-7QN', 'INM 6.1 aircraft.dbf'
'727Q9', NULL, 'B722', 'B722', 'JT8D-9', NULL, 'B727-200/JT8D-9', 'INM 6.1 aircraft.dbf'
'727QF', NULL, 'B721', 'B722', NULL, NULL, 'UPS 727100 22C 25C', 'INM 6.1 aircraft.dbf'
'727RR1', '727EM1', 'B721', 'B722', 'TAY650', NULL, '727-100 with RR TAY 650 eng.', 'INM 6.1 acft_sub.dbf'
'727RR2', '727EM2', 'B722', 'B722', 'TAY650', NULL, '727-200 with RR TAY 650 eng.', 'INM 6.1 acft_sub.dbf'
'737', NULL, 'B732', 'B732', 'JT8D-9', NULL, 'B737/JT8D-9', 'INM 6.1 aircraft.dbf'
'73717A', '737QN', 'B731', 'B732', 'JT8D-7A', NULL, '737-100 w/JT8D-7A', 'INM 6.1 acft_sub.dbf'
'737215', '737D17', 'B732', 'B732', 'JT15QN', NULL, '737-200 ADV w/JT15QN', 'INM 6.1 acft_sub.dbf'
'737222', '737QN', 'B732', 'B732', 'JT8D-9A', NULL, 'Boeing 737-222', 'INM 6.1 acft_sub.dbf'
'737300', NULL, 'B733', 'B733', 'CFM56-3-B1', '1CM004', 'B737-300/CFM56-3B-1', 'INM 6.1 aircraft.dbf'
'7373B2', NULL, 'B733', 'B733', 'CFM56-3B-2', '1CM005', 'B737-300/CFM56-3B-2', 'INM 6.1 aircraft.dbf'
'737400', NULL, 'B734', 'B734', 'CFM56-3C-1', '1CM007', 'B737-400/CFM56-3C-1', 'INM 6.1 aircraft.dbf'
'737500', NULL, 'B735', 'B735', 'CFM56-3-B1', '1CM004', 'B737-500/CFM56-3B-1', 'INM 6.1 aircraft.dbf'
'737700', NULL, 'B737', 'B737', 'CFM56-7B', NULL, 'Boeing 737-700/CFM56-7B', 'INM 6.1 aircraft.dbf'
'737800', NULL, 'B738', 'B738', 'CFM56-7B26', '8CM051', '737-800 / CFM56-7B26', 'INM 6.1 aircraft.dbf'
'737D17', NULL, 'B732', 'B732', 'JT8D-17', '1PW012', 'B737-200/JT8D-17', 'INM 6.1 aircraft.dbf'
'737N17', NULL, 'B732', 'B732', 'JT8D-17 Nordam B737 ', NULL, 'B737-200/JT8D-17 Nordam B737 LGW Hushkit', 'INM 6.1 aircraft.dbf'
'737N9', NULL, 'B737', 'B737', 'JT8D-9 Nordam B737 L', NULL, 'B737/JT8D-9 Nordam B737 LGW Hushkit', 'INM 6.1 aircraft.dbf'
'737QN', NULL, 'B737', 'B737', 'JT8D-9QN', NULL, 'B737/JT8D-9QN', 'INM 6.1 aircraft.dbf'
'747100', NULL, 'B741', 'B742', 'JT9D-BD', NULL, 'B747-100/JT9DBD', 'INM 6.1 aircraft.dbf'
'74710Q', NULL, 'B741', 'B742', 'JT9D-7QN', NULL, 'B747-100/JT9D-7QN', 'INM 6.1 aircraft.dbf'
'747122', '74720A', 'B741', 'B742', NULL, NULL, 'Boeing 747-122', 'INM 6.1 acft_sub.dbf'
'747200', NULL, 'B742', 'B742', 'JT9D-7', '8PW086', 'B747-200/JT9D-7', 'INM 6.1 aircraft.dbf'
'74720A', NULL, 'B742', 'B742', 'JT9D-7A', '8PW087', 'B747-200/JT9D-7A', 'INM 6.1 aircraft.dbf'
'74720B', NULL, 'B742', 'B742', 'JT9D-7Q', '1PW025', 'B747-200/JT9D-7Q', 'INM 6.1 aircraft.dbf'
'7472G2', '747200', 'B742', 'B742', 'JT9D-7R4G2', '1PW029', '747-200 w/JT9D-7R4G2', 'INM 6.1 acft_sub.dbf'
'7473G2', '74720B', 'B743', 'B743', 'JT9D-7R4G2', '1PW029', '747-300 w/JT9D-7R4G2', 'INM 6.1 acft_sub.dbf'
'747400', NULL, 'B744', 'B744', 'PW4056', '1PW041', 'B747-400/PW4056', 'INM 6.1 aircraft.dbf'
'747R21', '74720B', 'B744', 'B744', 'CF6 or RB211 engines', NULL, '747 w/CF6 or RB211 engines', 'INM 6.1 acft_sub.dbf'
'747SP', NULL, 'B74S', 'B744', 'JT9D-7', '8PW086', 'B747SP/JT9D-7', 'INM 6.1 aircraft.dbf'
'757300', NULL, 'B753', 'B753', 'RB211-535E4B', '3RR034', '757-300 / RB211-535E4B', 'INM 6.1 aircraft.dbf'
'757PW', NULL, 'B752', 'B752', 'PW2037', '4PW072', 'B757-200/PW2037', 'INM 6.1 aircraft.dbf'
'757RR', NULL, 'B752', 'B752', 'RB211-535E4', '3RR028', 'B757-200/RB211-535E4', 'INM 6.1 aircraft.dbf'
'767300', NULL, 'B762', 'B762', 'PW4060', '1PW043', 'B767-300/PW4060', 'INM 6.1 aircraft.dbf'
'767400', NULL, 'B764', 'B764', 'CF6-80C2BF', NULL, '767-400ER with CF6-80C2B(F) Engines', 'INM 6.1 aircraft.dbf'
'767CF6', NULL, 'B762', 'B762', 'CF6-80A', '1GE010', 'B767-200/CF6-80A', 'INM 6.1 aircraft.dbf'
'767JT9', NULL, 'B762', 'B762', 'JT9D-7R4D', NULL, 'B767-200/JT9D-7R4D', 'INM 6.1 aircraft.dbf'
'777200', NULL, 'B772', 'B772', 'GE90-76B', '2GE052', 'Boeing 777-200 GE90-76B', 'INM 6.1 aircraft.dbf'
'777300', NULL, 'B773', 'B773', 'Trent 892', '2RR027', '777-300 with Trent 892 Engines', 'INM 6.1 aircraft.dbf'
'A10A', NULL, 'A10', 'FGTN', 'TF34-GE-100-100A', 'TF3410', 'FAIRCHILD THUNDERBOLT II TF34-GE-100', 'INM 6.1 aircraft.dbf'
'A3', NULL, 'A3', NULL, 'J79-GE-8', NULL, 'MCDONNELL DOUGLAS SKYWARRIOR J79-GE-8 NM', 'INM 6.1 aircraft.dbf'
'A300', NULL, 'A30B', 'A30B', 'CF6-50C1-C2', '1GE007', 'A300B4-200/CF6-50C2', 'INM 6.1 aircraft.dbf'
'A30062', NULL, 'A306', 'A306', 'PW4158', '1PW048', 'Airbus A300-622R / PW4158', 'INM 6.1 aircraft.dbf'
'A310', NULL, 'A310', 'A310', 'CF6-80C2A2', '1GE016', 'Airbus A310-304 / CF6-80C2A2', 'INM 6.1 aircraft.dbf'
'A319', NULL, 'A319', 'A319', 'V2522-A5', '3IA006', 'Airbus A319-131 / V2522-A5 Engines', 'INM 6.1 aircraft.dbf'
'A320', NULL, 'A320', 'A320', 'CFM56-5A1', NULL, 'Airbus A320-211 CFM56-5A1', 'INM 6.1 aircraft.dbf'
'A32023', NULL, 'A320', 'A320', 'V2527-A5', '1IA003', 'Airbus A320-232 / V2527-A5 Engines', 'INM 6.1 aircraft.dbf'
'A321', 'A320', 'A321', 'A321', NULL, NULL, 'Airbus A-321', 'INM 6.1 acft_sub.dbf'
'A32123', NULL, 'A321', 'A321', 'V2530-A5', '1IA005', 'Airbus A321-232 / IAE V2530-A5', 'INM 6.1 aircraft.dbf'
'A330', NULL, 'A333', 'A333', 'CF6-80E1A2', '1GE033', 'Airbus A330-301 / CF6-80 E1A2', 'INM 6.1 aircraft.dbf'
'A33034', NULL, 'A333', 'A333', 'TRENT-772B', NULL, 'Airbus A330-343/RR TRENT 772B', 'INM 6.1 aircraft.dbf'
'A340', NULL, 'A342', 'A343', 'CFM56-5C2', '1CM010', 'Airbus A340-211/CFM 56-5C2', 'INM 6.1 aircraft.dbf'
'A37', NULL, 'A37', NULL, 'J85-GE-17A', NULL, 'CESSNA DRAGONFLY J85-GE-17A', 'INM 6.1 aircraft.dbf'
'A4C', NULL, 'A4', 'FGTN', 'J52-P-8B', 'J52P8B', 'MCDONNELL DOUGLAS SKYHAWK J52-P-8A', 'INM 6.1 aircraft.dbf'
'A5C', NULL, '????', NULL, 'J79-GE-10', 'J7910', 'J79-GE-10', 'INM 6.1 aircraft.dbf'
'A6A', NULL, 'A6', 'FGTN', 'J52-P-8B', 'J52P8B', 'GRUMMAN INTRUDER J52-P-8B', 'INM 6.1 aircraft.dbf'
'A7D', NULL, 'A7', 'FGTN', 'TF41-A-1', NULL, 'A-7D/E/TF-41-A-1', 'INM 6.1 aircraft.dbf'
'A7', NULL, 'A7', 'FGTN', 'TF41-A-2', 'TF41A2', 'VOUGHT CORSAIR II TF41-A-2', 'INM 6.1 aircraft.dbf'
'AA5A', 'GASEPF', 'AA5', 'P28A', NULL, NULL, 'Grumman Cheetah (AA5A)', 'INM 6.1 acft_sub.dbf'
'AC50', 'BEC58P', 'AC50', NULL, NULL, NULL, 'Commander 500', 'INM 6.1 acft_sub.dbf'
'AC56', 'BEC58P', 'AC56', NULL, NULL, NULL, 'Commander 560', 'INM 6.1 acft_sub.dbf'
'AC69', 'CNA441', 'AC90', 'BE20', NULL, NULL, 'Jet Prop Commander', 'INM 6.1 acft_sub.dbf'
'AC95', 'CNA441', 'AC95', 'BE20', NULL, NULL, 'Aero Commander 695', 'INM 6.1 acft_sub.dbf'
'AEROJT', 'LEAR25', 'JCOM', NULL, NULL, NULL, 'Aero Commander Jet Commander', 'INM 6.1 acft_sub.dbf'
'AN124', '74720B', 'A124', 'B732', NULL, NULL, 'Antonov-124', 'INM 6.1 acft_sub.dbf'
'AN26', 'CVR580', 'AN26', 'F27', NULL, NULL, 'Antonov-26', 'INM 6.1 acft_sub.dbf'
'AN74TK', 'DC9Q9', 'AN72', 'F28', NULL, NULL, 'Antonov-74', 'INM 6.1 acft_sub.dbf'
'ATR42', 'DHC8', 'AT43', 'AT43', NULL, NULL, 'Avions de Transport Regional ATR-42', 'INM 6.1 acft_sub.dbf'
'ATR72', 'HS748A', 'AT72', 'AT72', NULL, NULL, 'Avions de Transport Regional ATR-72', 'INM 6.1 acft_sub.dbf'
'AV8A', NULL, 'HAR', 'FGTN', NULL, NULL, 'BAE HARRIER AV8A', 'INM 6.1 aircraft.dbf'
'AV8B', NULL, 'HAR', 'FGTN', 'F402-RR-408', 'F40208', 'BAE HARRIER F402-RR-408', 'INM 6.1 aircraft.dbf'
'B1', NULL, 'B1', 'FGTL', 'F101-GE-102', 'F1012', 'ROCKWELL LANCER F101-GE-102', 'INM 6.1 aircraft.dbf'
'B2A', NULL, 'B2', NULL, 'F118-GE-110', NULL, 'F118-GE-110', 'INM 6.1 aircraft.dbf'
'B52BD', NULL, 'B52', 'FGTL', 'J57-P-19W', NULL, 'BOEING STRATOFORTRESS J57P-19W', 'INM 6.1 aircraft.dbf'
'B52G', NULL, 'B52', 'FGTL', 'J57-P-43WB', NULL, 'BOEING STRATOFORTRESS J57-P-43WB', 'INM 6.1 aircraft.dbf'
'B52H', NULL, 'B52', 'FGTL', NULL, NULL, 'BOEING STRATOFORTRESS B52H', 'INM 6.1 aircraft.dbf'
'B57', NULL, 'CNBR', NULL, 'J57-PW-P-5', NULL, 'ENGLISH ELECTRIC CANBERRA J57-PW-P-5', 'INM 6.1 aircraft.dbf'
'BAC111', NULL, 'BA11', 'BA11', 'SPEY MK511-14', NULL, 'BAC111/SPEY MK511-14', 'INM 6.1 aircraft.dbf'
'BAE146', NULL, 'BA46', NULL, 'ALF502R-5', '1TL003', 'BAE146-200/ALF502R-5', 'INM 6.1 aircraft.dbf'
'BAE300', NULL, 'BA46', NULL, 'ALF502R-5', '1TL003', 'BAE146-300/ALF502R-5', 'INM 6.1 aircraft.dbf'
'BAEATP', 'HS748A', 'ATP', 'ATP', NULL, NULL, 'British Aerospace Advanced Turboprop ATP', 'INM 6.1 acft_sub.dbf'
'BAEJ31', 'DHC6', 'JS31', 'JS31', NULL, NULL, 'British Aerospace BAe Jetsream 31', 'INM 6.1 acft_sub.dbf'
'BAEJ41', 'SF340', 'JS41', 'JS41', NULL, NULL, 'British Aerospace Bae Jetstream 41', 'INM 6.1 acft_sub.dbf'
'BEC100', 'CNA441', 'BA10', NULL, NULL, NULL, 'Beech King Air 100', 'INM 6.1 acft_sub.dbf'
'BEC18', 'BEC58P', 'BE18', NULL, NULL, NULL, 'Beechcraft Model 18', 'INM 6.1 acft_sub.dbf'
'BEC190', 'DHC6', 'B190', 'JS31', NULL, NULL, 'Beech 1900', 'INM 6.1 acft_sub.dbf'
'BEC200', 'DHC6', 'BE20', 'BE20', NULL, NULL, 'Beech Super King Air 200', 'INM 6.1 acft_sub.dbf'
'BEC20A', 'SD330', 'STAR', NULL, NULL, NULL, 'Beech Starship 2000', 'INM 6.1 acft_sub.dbf'
'BEC23', 'GASEPF', 'BE23', NULL, NULL, NULL, 'Beechcraft Model 23 Musketeer', 'INM 6.1 acft_sub.dbf'
'BEC24', 'GASEPF', 'BE24', NULL, NULL, NULL, 'Beechcraft Model 24 Sierra', 'INM 6.1 acft_sub.dbf'
'BEC300', 'DHC6', 'BE30', 'BE20', NULL, NULL, 'Beech Super King Air 300', 'INM 6.1 acft_sub.dbf'
'BEC30B', 'DHC6', 'B350', 'BE20', NULL, NULL, 'Beech Super King Air 300B', 'INM 6.1 acft_sub.dbf'
'BEC33', 'GASEPV', 'BE33', 'PA34', NULL, NULL, 'Beechcraft Model 33 Debonair/Bonanza', 'INM 6.1 acft_sub.dbf'
'BEC400', 'LEAR35', 'BE40', 'FA10', NULL, NULL, 'Beechcraft Beechjet 400', 'INM 6.1 acft_sub.dbf'
'BEC45', 'GASEPV', 'T34P', NULL, NULL, NULL, 'Beechcraft Model 45 Mentor (T34A & T34B)', 'INM 6.1 acft_sub.dbf'
'BEC50', 'BEC58P', 'BE50', NULL, NULL, NULL, 'Beechcraft Model 50 Twin Bonanza', 'INM 6.1 acft_sub.dbf'
'BEC55', 'BEC58P', 'BE55', 'D228', NULL, NULL, 'Beechcraft Model 55 Barron', 'INM 6.1 acft_sub.dbf'
'BEC58', 'BEC58P', 'BE58', 'PA27', NULL, NULL, 'Beechcraft Model 58 Barron', 'INM 6.1 acft_sub.dbf'
'BEC58P', NULL, 'BE58', 'PA27', 'TS10-520-L', NULL, 'BARON 58P/TS10-520-L', 'INM 6.1 aircraft.dbf'
'BEC60', 'BEC58P', 'BE60', 'C421', NULL, NULL, 'Beechcraft Model 60 Duk', 'INM 6.1 acft_sub.dbf'
'BEC65', 'BEC58P', 'BE65', NULL, NULL, NULL, 'Beechcraft Model 65 Queen Air', 'INM 6.1 acft_sub.dbf'
'BEC76', 'BEC58P', 'BE76', 'PA27', NULL, NULL, 'Beechcraft Model 76 Duchess', 'INM 6.1 acft_sub.dbf'
'BEC80', 'BEC58P', 'BE80', NULL, NULL, NULL, 'Beechcraft Model Queen Air 80 series', 'INM 6.1 acft_sub.dbf'
'BEC90', 'CNA441', 'BE9L', 'BE9L', NULL, NULL, 'Beech King Air C90', 'INM 6.1 acft_sub.dbf'
'BEC95', 'BEC58P', 'BE95', 'PA31', NULL, NULL, 'Beechcraft Model 95 Travel Air', 'INM 6.1 acft_sub.dbf'
'BEC99', 'DHC6', 'BE99', 'BE99', NULL, NULL, 'Beech Airliner Model 99', 'INM 6.1 acft_sub.dbf'
'BEC9F', 'CNA441', 'BE9T', NULL, NULL, NULL, 'Beech F90 Super King Air', 'INM 6.1 acft_sub.dbf'
'BECM35', 'GASEPV', 'BE35', NULL, NULL, NULL, 'Beechcraft Model M35 Bonanza', 'INM 6.1 acft_sub.dbf'
'BL14', 'GASEPF', 'B14A', NULL, NULL, NULL, 'Bellanca Cruisair', 'INM 6.1 acft_sub.dbf'
'BL26', 'GASEPF', 'BL17', NULL, NULL, NULL, 'Bellanca Super Viking Model 17-30A', 'INM 6.1 acft_sub.dbf'
'BLCH10', 'GASEPF', 'CH7A', NULL, NULL, NULL, 'Bellanca Champion Citabria CH10', 'INM 6.1 acft_sub.dbf'
'BN2A', 'BEC58P', 'BN2P', 'PA31', NULL, NULL, 'Britten-Norman BN-2A Islander', 'INM 6.1 acft_sub.dbf'
'BN3', 'GASEPF', 'D228', 'D228', 'O-235-C1B', NULL, 'Britten-Norman BN-3 Nymph', 'INM 6.1 acft_sub.dbf'
'BUCCAN', NULL, 'BUC', NULL, 'SPEY RB 168-1A', NULL, 'Blackburb Buccaneer RR SPEY RB 168-1A', 'INM 6.1 aircraft.dbf'
'C118', NULL, 'DC6', NULL, 'R-2800-CB17', NULL, 'MCDONNELL DOUGLAS LIFT PW R-2800-CB17 NM', 'INM 6.1 aircraft.dbf'
'C119L', NULL, 'C119', NULL, NULL, NULL, 'FAIRCHILD FLYING BOX CAR C119L', 'INM 6.1 aircraft.dbf'
'C12', NULL, 'BE20', 'BE20', 'PT6A-41', 'PT6A41', 'BEECH SUPER KING AIR HURON PW PT6A-41', 'INM 6.1 aircraft.dbf'
'C121', NULL, '????', NULL, NULL, NULL, 'C121', 'INM 6.1 aircraft.dbf'
'C123K', NULL, 'C123', NULL, 'R-2800-99W', NULL, 'FAIRCHILD PW R-2800-99W AUX J85-GE17', 'INM 6.1 aircraft.dbf'
'C130', NULL, 'C130', 'C130', 'T56-A-15', 'T56A15', 'C-130H/T56-A-15', 'INM 6.1 aircraft.dbf'
'C130AD', NULL, 'C130', 'C130', 'T56-A-15', 'T56A15', 'LOCKHEED HERCULES T56-A15', 'INM 6.1 aircraft.dbf'
'C130', NULL, 'C130', 'C130', 'T56-A-7', 'T56A7', 'C-130E/T56-A-7', 'INM 6.1 aircraft.dbf'
'C-130', NULL, 'C130', 'C130', 'T56-A-15', 'T56A15', 'LOCKHEED HERCULES T56-A15 C130', 'INM 6.1 aircraft.dbf'
'C130HP', NULL, 'C130', 'C130', NULL, NULL, 'LOCKHEED HERCULES C130HP', 'INM 6.1 aircraft.dbf'
'C131B', NULL, '????', NULL, 'R-2800-99W', NULL, 'GENERAL DYNAMICS CV34 PW R-2800-99W', 'INM 6.1 aircraft.dbf'
'C135A', NULL, 'C135', 'B703', 'J57-59W', NULL, 'BOEING STRATOLIFTER PW J57-59W', 'INM 6.1 aircraft.dbf'
'C135B', NULL, 'C135', 'B703', NULL, NULL, 'BOEING STRATOLIFTER C135B', 'INM 6.1 aircraft.dbf'
'C137', NULL, 'B703', 'B703', 'JT3D-3B', '1PW001', 'JT3D-3B', 'INM 6.1 aircraft.dbf'
'C140', NULL, 'L29B', 'CL60', 'TFE731-3', '1AS002', 'LOCKHEED JETSTAR TFE731-3', 'INM 6.1 aircraft.dbf'
'C141', '707320', 'C141', 'DC87', NULL, NULL, 'Lockheed C-141 Starlifter', 'INM 6.1 acft_sub.dbf'
'C141A', NULL, 'C141', 'DC87', 'TF33-P-7', 'TF33P7', 'LOCKHEED STARLIFTER TF-33-P-7', 'INM 6.1 aircraft.dbf'
'C17', NULL, 'C17', 'A320', 'F117-PW-100', 'F1171', 'F117-PW-100', 'INM 6.1 aircraft.dbf'
'C17A', 'DC870', 'C17', 'A320', NULL, NULL, 'Globemaster III C-17', 'INM 6.1 acft_sub.dbf'
'C18A', NULL, '????', NULL, 'JT41-11', NULL, 'JT41-11', 'INM 6.1 aircraft.dbf'
'C20', 'GIIB', 'GLF3', 'CL60', NULL, NULL, 'US Military Gulfstream III', 'INM 6.1 acft_sub.dbf'
'C-20', NULL, 'GLF3', 'CL60', 'TAY Mk611-8', '1RR019', 'GULFSTREAM III MK611-8RR', 'INM 6.1 aircraft.dbf'
'C20A', 'GIIB', 'GLF3', 'CL60', NULL, NULL, 'US Military Gulfstream III', 'INM 6.1 acft_sub.dbf'
'C21A', NULL, 'LJ35', 'LJ35', 'TFE731-2-2B', '1AS001', 'LEARJET 35 TFE731-2-2B', 'INM 6.1 aircraft.dbf'
'C22', NULL, 'B721', 'B722', 'TRS18-1', NULL, 'BOEING 727 TRS18-1', 'INM 6.1 aircraft.dbf'
'C23', NULL, 'SH6', NULL, 'PT6A-65AR', 'PT6A6A', 'PT6A-65AR', 'INM 6.1 aircraft.dbf'
'C26', 'DHC6', 'SW4', 'SW3', NULL, NULL, 'Military Metro/Merlin', 'INM 6.1 acft_sub.dbf'
'C45', 'BEC58P', 'BE18', NULL, NULL, NULL, 'Military Twin Beech 18', 'INM 6.1 acft_sub.dbf'
'C5', '74720B', 'C5', 'B742', NULL, NULL, 'Lockheed Galaxy', 'INM 6.1 acft_sub.dbf'
'C5A', NULL, 'C5', 'B742', 'TF39-GE-1', 'TF391', 'LOCKHEED GALAXY TF39-GE-1', 'INM 6.1 aircraft.dbf'
'C7A', NULL, 'DHC4', NULL, NULL, NULL, 'DEHAVILLAND CARIBOU DHC-4A', 'INM 6.1 aircraft.dbf'
'C8', 'HS748A', 'DHC5', NULL, 'DHC-5', NULL, 'US Army DHC-5 Buffalo', 'INM 6.1 acft_sub.dbf'
'C9A', NULL, 'DC93', 'DC94', 'JT8D-9', NULL, 'MCDONNELL DOUGLAS DC9 JT8D-9', 'INM 6.1 aircraft.dbf'
'C9B', 'DC9Q9', 'DC93', 'DC94', NULL, NULL, 'Navy DC9-30 SkyTrain', 'INM 6.1 acft_sub.dbf'
'CA212', 'DHC6', 'C212', 'D228', NULL, NULL, 'CASA C-212 Aviocar', 'INM 6.1 acft_sub.dbf'
'CAN235', 'SF340', 'CN35', 'AT43', NULL, NULL, 'CACA-Nurtanio CN-235 Airtech', 'INM 6.1 acft_sub.dbf'
'CANBER', NULL, 'CNBR', NULL, 'AVON 109', NULL, '2 RR AVON 109', 'INM 6.1 aircraft.dbf'
'CC138', 'DHC6', 'DHC6', NULL, NULL, NULL, 'Canadian Air Force DHC-6 Twin Otter', 'INM 6.1 acft_sub.dbf'
'CIT3', NULL, 'C650', 'LJ35', 'TFE731-3-100S', NULL, 'CIT 3/TFE731-3-100S', 'INM 6.1 aircraft.dbf'
'CL600', NULL, 'CL60', 'CL60', 'ALF 502L', NULL, 'CL600/ALF502L', 'INM 6.1 aircraft.dbf'
'CL601', NULL, 'CL60', 'CL60', 'CF34-3A', '1GE034', 'CL601/CF34-3A', 'INM 6.1 aircraft.dbf'
'CL610', 'CL601', 'CL60', 'CL60', NULL, NULL, 'Canadair CL-610 Challenger ', 'INM 6.1 acft_sub.dbf'
'CLREGJ', 'CL601', 'CRJ1', 'CRJ1', NULL, NULL, 'Canadair Regional Jet', 'INM 6.1 acft_sub.dbf'
'CNA150', 'CNA172', 'C150', NULL, NULL, NULL, 'Cessna 150', 'INM 6.1 acft_sub.dbf'
'CNA152', 'CNA172', 'C152', NULL, NULL, NULL, 'Cessna 152', 'INM 6.1 acft_sub.dbf'
'CNA170', 'CNA172', 'C170', 'PA34', NULL, NULL, 'Cessna 170', 'INM 6.1 acft_sub.dbf'
'CNA172', NULL, 'C172', 'P28A', 'IO-360-L2A', NULL, 'Cessna 172R / Lycoming IO-360-L2A', 'INM 6.1 aircraft.dbf'
'CNA177', 'CNA172', 'C177', 'P28A', NULL, NULL, 'Cessna 177 Cardinal', 'INM 6.1 acft_sub.dbf'
'CNA17B', 'GASEPV', 'C177', 'P28A', NULL, NULL, 'Cessna 177B or RG Cardinal', 'INM 6.1 acft_sub.dbf'
'CNA180', 'CNA206', 'C180', NULL, NULL, NULL, 'Cessna Skywagon', 'INM 6.1 acft_sub.dbf'
'CNA182', 'CNA206', 'C182', 'P28A', NULL, NULL, 'Cessna 182 Skylan', 'INM 6.1 acft_sub.dbf'
'CNA185', 'CNA206', 'C185', NULL, NULL, NULL, 'Cessna Skywagon', 'INM 6.1 acft_sub.dbf'
'CNA205', 'CNA206', 'C205', NULL, NULL, NULL, 'Cessna 205 Super Skywagon', 'INM 6.1 acft_sub.dbf'
'CNA206', NULL, 'C206', NULL, 'IO-540-AC', NULL, 'Cessna 206H / Lycoming IO-540-AC', 'INM 6.1 aircraft.dbf'
'CNA207', 'CNA20T', 'C207', NULL, NULL, NULL, 'Cessna 207 Turbo Stationair', 'INM 6.1 acft_sub.dbf'
'CNA208', 'GASEPF', 'C208', 'PA27', NULL, NULL, 'Cessna 208 Caravan I', 'INM 6.1 acft_sub.dbf'
'CNA20T', NULL, 'C206', NULL, 'TIO-540-AJ1', NULL, 'Cessna T206H / Lycoming TIO-540-AJ1A', 'INM 6.1 aircraft.dbf'
'CNA210', 'CNA206', 'C210', 'PA31', NULL, NULL, 'Cessna 210 Centurion/II', 'INM 6.1 acft_sub.dbf'
'CNA303', 'BEC58P', 'C303', 'PA31', NULL, NULL, 'Cessna 303 Crusader', 'INM 6.1 acft_sub.dbf'
'CNA305', 'GASEPF', 'O1', NULL, NULL, NULL, 'Cessna 305/L-19 or O-1 Bird Dog', 'INM 6.1 acft_sub.dbf'
'CNA310', 'BEC58P', 'C310', 'PA31', NULL, NULL, 'Cessna 310', 'INM 6.1 acft_sub.dbf'
'CNA320', 'BEC58P', 'C320', NULL, NULL, NULL, 'Cessna 320 Skynight', 'INM 6.1 acft_sub.dbf'
'CNA335', 'BEC58P', 'C335', NULL, NULL, NULL, 'Cessna 335', 'INM 6.1 acft_sub.dbf'
'CNA336', 'BEC58P', 'C336', NULL, NULL, NULL, 'Cessna 336 Skymaster', 'INM 6.1 acft_sub.dbf'
'CNA337', 'BEC58P', 'C337', 'PA34', NULL, NULL, 'Cessna 337 Super Skymaster', 'INM 6.1 acft_sub.dbf'
'CNA340', 'BEC58P', 'C340', 'PA31', NULL, NULL, 'Cessna 340', 'INM 6.1 acft_sub.dbf'
'CNA401', 'BEC58P', 'C401', NULL, NULL, NULL, 'Cessna 401', 'INM 6.1 acft_sub.dbf'
'CNA402', 'BEC58P', 'C402', 'PA31', NULL, NULL, 'Cessna 402', 'INM 6.1 acft_sub.dbf'
'CNA404', 'BEC58P', 'C404', NULL, NULL, NULL, 'Cessna 404 Titan', 'INM 6.1 acft_sub.dbf'
'CNA414', 'BEC58P', 'C414', 'C421', NULL, NULL, 'Cessna 414 Chancellor', 'INM 6.1 acft_sub.dbf'
'CNA421', 'BEC58P', 'C421', 'C421', NULL, NULL, 'Cessna 421 Golden Eagl', 'INM 6.1 acft_sub.dbf'
'CNA425', 'CNA441', 'C425', 'PAY2', NULL, NULL, 'Cessna 425 Corsair/Conquest I', 'INM 6.1 acft_sub.dbf'
'CNA441', NULL, 'C425', 'PAY2', 'TPE331-8', 'TPE8', 'CONQUEST II/TPE331-8', 'INM 6.1 aircraft.dbf'
'CNA500', NULL, 'C550', 'C550', 'JT15D-4', NULL, 'CIT 2/JT15D-4', 'INM 6.1 aircraft.dbf'
'CNA501', 'CNA500', 'C501', 'C550', NULL, NULL, 'Cessna Citation I Single Pilot (SP)', 'INM 6.1 acft_sub.dbf'
'CNA525', 'CNA500', 'C500', 'C550', NULL, NULL, 'Cessna Citation Jet', 'INM 6.1 acft_sub.dbf'
'CNA550', 'MU3001', 'C550', 'C550', NULL, NULL, 'Cessna Model 550 Citation II', 'INM 6.1 acft_sub.dbf'
'CNA551', 'MU3001', 'C551', 'C550', NULL, NULL, 'Cessna Citation II Single Pilot (SP)', 'INM 6.1 acft_sub.dbf'
'CNA55B', NULL, 'C550', 'C550', 'PW530A', NULL, 'Cessna 550 Citation Bravo / PW530A', 'INM 6.1 aircraft.dbf'
'CNA560', 'MU3001', 'C560', 'C560', NULL, NULL, 'Cessna 560 Citation V', 'INM 6.1 acft_sub.dbf'
'CNA650', 'CIT3', 'C650', 'LJ35', NULL, NULL, 'Cessna 650 Citation VII', 'INM 6.1 acft_sub.dbf'
'CNA750', NULL, 'C750', 'C750', 'AE3007C', '8AL025', 'Citation X / Rolls Royce Allison AE3007C', 'INM 6.1 aircraft.dbf'
'CNACAR', 'GASEPV', 'C185', NULL, NULL, NULL, 'Cessna AGCARRYALL', 'INM 6.1 acft_sub.dbf'
'CNATRK', 'GASEPV', 'C188', NULL, NULL, NULL, 'Cessna AGTRUCK', 'INM 6.1 acft_sub.dbf'
'CNAWAG', 'GASEPV', 'C188', NULL, NULL, NULL, 'Cessna AGWAGON', 'INM 6.1 acft_sub.dbf'
'CNV240', 'DC3', 'CVLP', NULL, NULL, NULL, 'Convair 240', 'INM 6.1 acft_sub.dbf'
'CNV600', 'HS748A', 'CVLT', 'AT43', NULL, NULL, 'Convair 600', 'INM 6.1 acft_sub.dbf'
'CNV640', 'HS748A', 'CVLT', 'AT43', NULL, NULL, 'Convair 640', 'INM 6.1 acft_sub.dbf'
'CNV880', 'DC820', 'CV88', NULL, NULL, NULL, 'Convair 880', 'INM 6.1 acft_sub.dbf'
'CNV990', '707', 'CV99', NULL, NULL, NULL, 'Convair 990', 'INM 6.1 acft_sub.dbf'
'COMJET', NULL, 'C402', 'PA31', NULL, NULL, '1985 BUSINESS JET', 'INM 6.1 aircraft.dbf'
'COMSEP', NULL, 'ZZPP', NULL, NULL, NULL, '1985 1-ENG COMP (piston)', 'INM 6.1 aircraft.dbf'
'CONCRD', NULL, 'CONC', 'FGTN', 'OLYMPUS-593-610', '1RR022', 'CONCORDE/OLY593', 'INM 6.1 aircraft.dbf'
'CONST', 'DC6', 'CONI', NULL, NULL, NULL, 'Lockheed Constellation', 'INM 6.1 acft_sub.dbf'
'CVR580', NULL, 'CVLT', 'AT43', '501-D15', NULL, 'CV580/ALL 501-D15', 'INM 6.1 aircraft.dbf'
'DALPHA', 'FAL20', 'AJET', 'FGTN', NULL, NULL, 'Dassault Alpha Jet', 'INM 6.1 acft_sub.dbf'
'DBMERC', '737D17', 'FA10', 'FA10', NULL, NULL, 'Dassault Mercur', 'INM 6.1 acft_sub.dbf'
'DC1010', NULL, 'DC10', 'DC10', 'CF6-6D', '1GE001', 'DC10-10/CF6-6D', 'INM 6.1 aircraft.dbf'
'DC1030', NULL, 'DC10', 'DC10', 'CF6-50C1-C2', '1GE007', 'DC10-30/CF6-50C2', 'INM 6.1 aircraft.dbf'
'DC1040', NULL, 'DC10', 'DC10', 'JT9D-20', '8PW088', 'DC10-40/JT9D-20', 'INM 6.1 aircraft.dbf'
'DC3', NULL, 'DC3', 'DH8C', 'R-1820-86', NULL, 'DC3/R1820-86', 'INM 6.1 aircraft.dbf'
'DC4', 'DC6', 'DC4', NULL, NULL, NULL, 'Douglas DC-4', 'INM 6.1 acft_sub.dbf'
'DC6', NULL, 'DC6', NULL, 'R-2800-CB17', NULL, 'DC6/R2800-CB17', 'INM 6.1 aircraft.dbf'
'DC7', 'DC6', 'DC7', NULL, NULL, NULL, 'Douglas DC-7', 'INM 6.1 acft_sub.dbf'
'DC820', NULL, 'DC85', 'DC87', 'JT4A', NULL, 'DC-8-20/JT4A', 'INM 6.1 aircraft.dbf'
'DC850', NULL, 'DC85', 'DC87', 'JT3D-3B', '1PW001', 'DC8-50/JT3D-3B', 'INM 6.1 aircraft.dbf'
'DC860', NULL, 'DC86', 'DC87', 'JT3D-7 SERIES', '1PW002', 'DC8-60/JT3D-7', 'INM 6.1 aircraft.dbf'
'DC86BT', 'DC8QN', 'DC86', 'DC87', NULL, NULL, 'DC8-62/63  w/Burbank Treatment', 'INM 6.1 acft_sub.dbf'
'DC870', NULL, 'DC87', 'DC87', 'CFM56-2C5', NULL, 'DC8-70/CFM56-2C-5', 'INM 6.1 aircraft.dbf'
'DC8QN', NULL, 'DC86', 'DC87', 'JT8D-7QN', NULL, 'DC8-60/JT8D-7QN', 'INM 6.1 aircraft.dbf'
'DC910', NULL, 'DC91', 'DC94', 'JT8D-7', NULL, 'DC9-10/JT8D-7', 'INM 6.1 aircraft.dbf'
'DC930', NULL, 'DC93', 'DC94', 'JT8D-9', NULL, 'DC9-30/JT8D-9', 'INM 6.1 aircraft.dbf'
'DC9317', 'DC9Q9', 'DC93', 'DC94', 'JT8D-17 &15', NULL, 'DC930 w/JT8D-17 &15', 'INM 6.1 acft_sub.dbf'
'DC937A', 'DC9Q9', 'DC93', 'DC94', 'JT8D-7 & 7A', NULL, 'DC930 w/JT8D-7 & 7A', 'INM 6.1 acft_sub.dbf'
'DC93LW', NULL, 'DC93', 'DC94', 'JT8D-9 w/ ABS Lightw', NULL, 'DC9-30/JT8D-9 w/ ABS Lightweight hushkit', 'INM 6.1 aircraft.dbf'
'DC9411', 'DC9Q9', 'DC94', 'DC94', 'JT8D-11', '1PW008', 'DC940 w/JT8D-11', 'INM 6.1 acft_sub.dbf'
'DC950', NULL, 'DC95', 'DC94', 'JT8D-17', '1PW012', 'DC9-50/JT8D-17', 'INM 6.1 aircraft.dbf'
'DC95HW', NULL, 'DC95', 'DC94', 'JT8D17 w/ ABS Heavyw', NULL, 'DC9-50/JT8D17 w/ ABS Heavyweight hushkit', 'INM 6.1 aircraft.dbf'
'DC9Q7', NULL, 'DC91', 'DC94', 'JT8D-7QN', NULL, 'DC9-10/JT8D-7QN', 'INM 6.1 aircraft.dbf'
'DC9Q9', NULL, 'DC93', 'DC94', 'JT8D-9QN', NULL, 'DC9-30/JT8D-9QN', 'INM 6.1 aircraft.dbf'
'DHC2', 'GASEPV', 'DHC2', NULL, NULL, NULL, 'De Havilland DHC-2 Beaver', 'INM 6.1 acft_sub.dbf'
'DHC4', 'DC3', 'DHC4', NULL, NULL, NULL, 'De Havilland DHC-4 Caribou', 'INM 6.1 acft_sub.dbf'
'DHC6', NULL, 'DHC6', NULL, 'PT6A-27', 'PT6A27', 'DASH 6/PT6A-27', 'INM 6.1 aircraft.dbf'
'DHC6QP', NULL, 'DHC6', NULL, 'PT6A-27 Raisbeck Qui', NULL, 'DASH 6/PT6A-27 Raisbeck Quiet Prop Mod', 'INM 6.1 aircraft.dbf'
'DHC7', NULL, 'DHC7', NULL, 'PT6A-50', 'PT6A50', 'DASH 7/PT6A-50', 'INM 6.1 aircraft.dbf'
'DHC8', NULL, 'DH8A', 'DH8A', 'PW121', 'PW121', 'DASH 8-100/PW121', 'INM 6.1 aircraft.dbf'
'DHC830', NULL, 'DH8C', 'DH8C', 'PW123', 'PW123', 'DASH 8-300/PW123', 'INM 6.1 aircraft.dbf'
'DO228', 'DHC6', 'D228', 'D228', NULL, NULL, 'Dornier-228', 'INM 6.1 acft_sub.dbf'
'DO328', 'DHC8', 'D328', 'D328', NULL, NULL, 'Dornier-328', 'INM 6.1 acft_sub.dbf'
'DOMIN', NULL, 'H25A', 'H25B', 'VIPER 521', NULL, 'BRISTOL SIDDELEY VIPER 521', 'INM 6.1 aircraft.dbf'
'E3A', NULL, 'E3CF', 'B703', 'TF33-PW-100A', NULL, 'BOEING SENTRY TF33-PW-100A', 'INM 6.1 aircraft.dbf'
'E4', NULL, 'B742', 'B742', 'CF6-50', '3GE075', 'BOEING 747 CF6-50', 'INM 6.1 aircraft.dbf'
'E8A', NULL, 'B703', 'B703', 'JT3D-3B', '1PW001', 'JT3D-3B', 'INM 6.1 aircraft.dbf'
'EA6B', NULL, 'A6', 'FGTN', 'J52-P-408', 'J52P4', 'J52-P-408', 'INM 6.1 aircraft.dbf'
'EMB110', 'DHC6', 'E110', 'D228', NULL, NULL, 'Embraer Bandeirante 110', 'INM 6.1 acft_sub.dbf'
'EMB120', NULL, 'E120', 'E120', 'PW118', 'PW118', 'Embraer 120 ER/ Pratt & Whitney PW118', 'INM 6.1 aircraft.dbf'
'EMB135', 'CL600', 'E135', 'FA50', NULL, NULL, 'Embraer EMB-135', 'INM 6.1 acft_sub.dbf'
'EMB145', NULL, 'E145', 'E145', 'AE3007', NULL, 'Embraer 145 ER/Allison AE3007', 'INM 6.1 aircraft.dbf'
'EMB14L', NULL, 'E145', 'E145', 'AE3007A1', '6AL005', 'Embraer 145 LR / Allison AE3007A1', 'INM 6.1 aircraft.dbf'
'F10', 'LEAR25', 'LJ35', 'LJ35', 'J34-WE-34', NULL, 'Douglas Skyknight F3D-1/F-10A', 'INM 6.1 acft_sub.dbf'
'F10062', NULL, 'F100', 'F100', 'TAY620-15', NULL, 'F100/TAY 620-15', 'INM 6.1 aircraft.dbf'
'F10065', NULL, 'F100', 'F100', 'TAY650-15', NULL, 'F100/TAY 650-15', 'INM 6.1 aircraft.dbf'
'F100D', NULL, 'SSAB', NULL, 'J57-P-21A', NULL, 'ROCKWELL SUPER SABRE PW J57-P-21A', 'INM 6.1 aircraft.dbf'
'F101B', NULL, '????', NULL, 'J57-P-55', NULL, 'CF-101B Voodoo/PW J57-P-55', 'INM 6.1 aircraft.dbf'
'F102', NULL, '????', NULL, 'J57-P-23', NULL, 'Convair F-102  PW J57-P-23', 'INM 6.1 aircraft.dbf'
'F104G', NULL, 'F104', 'FGTN', 'J79-GE-11A', NULL, 'LOCKHEED STARFIGHTER J79-GE-11A', 'INM 6.1 aircraft.dbf'
'F105D', NULL, '????', NULL, 'J75-P-19W', NULL, 'Republic F-105D Thunderchie PW J75-P-19W', 'INM 6.1 aircraft.dbf'
'F106', NULL, '????', NULL, 'J57-P-17', NULL, 'CONVAIR F-106A PW J57-P-17', 'INM 6.1 aircraft.dbf'
'F111A', NULL, 'F111', NULL, 'TF30-P-100', NULL, 'GENERAL DYNAMICS F111AE PW TF30-P-100 NM', 'INM 6.1 aircraft.dbf'
'F111D', NULL, 'F111', NULL, NULL, NULL, 'GENERAL DYNAMICS F111D', 'INM 6.1 aircraft.dbf'
'F-111F', NULL, 'F111', NULL, NULL, NULL, 'GENERAL DYNAMICS F111F', 'INM 6.1 aircraft.dbf'
'F117A', NULL, 'F117', 'FGTN', 'F404-GE-F1D2', 'F4044F', 'F-117A NightHawk/F404-GE-F1D2', 'INM 6.1 aircraft.dbf'
'F14A', NULL, 'F14', 'FGTN', 'TF30-P-414A', NULL, 'GRUMMAN TOMCAT TF30-P-414A', 'INM 6.1 aircraft.dbf'
'F14B', NULL, 'F14', 'FGTN', 'F110-GE-400', 'F1104', 'GRUMMAN TOMCAT F110-GE-400', 'INM 6.1 aircraft.dbf'
'F15A', NULL, 'F15', 'FGTN', 'PW100', NULL, 'MCDONNELL DOUGLAS EAGLE F100-PW-100', 'INM 6.1 aircraft.dbf'
'F15E20', NULL, 'F15', 'FGTN', 'PW220', NULL, 'MCDONNELL DOUGLAS EAGLE F100-PW-220', 'INM 6.1 aircraft.dbf'
'F15E29', NULL, 'F15', 'FGTN', 'PW229', NULL, 'MCDONNELL DOUGLAS EAGLE F100-PW-229', 'INM 6.1 aircraft.dbf'
'F16A', NULL, 'F16', 'FGTN', 'PW2000', NULL, 'GENERAL DYNAMICS FALCON PW200', 'INM 6.1 aircraft.dbf'
'F16G', NULL, 'F16', 'FGTN', 'F110-GE-100', 'F1101', 'GENERAL DYNAMICS FALCON F110-GE-100', 'INM 6.1 aircraft.dbf'
'F16PW0', NULL, 'F16', 'FGTN', 'F100-PW-220', 'F10022', 'GENERAL DYNAMICS FALCON F100-PW-220', 'INM 6.1 aircraft.dbf'
'F16PW9', NULL, 'F16', 'FGTN', 'F100-PW-229', 'F10229', 'GENERAL DYNAMICS F FALCON F100-PW-229', 'INM 6.1 aircraft.dbf'
'F-18', NULL, 'F18', 'FGTN', 'GE-400', NULL, 'MCDONNELL DOUGLAS HORNET F404-GE-400', 'INM 6.1 aircraft.dbf'
'F18EF', NULL, 'F18', 'FGTN', 'F404-GE-400', 'F4044', 'Boeing F-18E/F / F404-GE-400', 'INM 6.1 aircraft.dbf'
'F28MK2', NULL, 'F28', 'F28', 'RB183MK555', NULL, 'Fokker F28-2000/RB183MK555', 'INM 6.1 aircraft.dbf'
'F28MK4', NULL, 'F28', 'F28', 'RB183MK555', NULL, 'Fokker F28-4000/RB183MK555', 'INM 6.1 aircraft.dbf'
'F4C', NULL, 'F4', 'FGTN', 'J79-GE-15', NULL, 'F-4C PHANTOM II/J79-GE-15', 'INM 6.1 aircraft.dbf'
'F-4C', NULL, 'F4', 'FGTN', 'J79-651', NULL, 'MCDONNELL DOUGLAS PHANTOM J79-6517A17', 'INM 6.1 aircraft.dbf'
'F5AB', NULL, 'F5', 'FGTN', 'J85-GE-13', NULL, 'NORTHROP TIGER J85-GE-13', 'INM 6.1 aircraft.dbf'
'F5', NULL, 'F5', 'FGTN', 'J85-GE-21B', NULL, 'NORTHROP TIGER J85-GE-21B', 'INM 6.1 aircraft.dbf'
'F8', NULL, 'F8', NULL, 'J57-P-20', NULL, 'VOUGHT F-8 CRUSADER PW J57-P-20', 'INM 6.1 aircraft.dbf'
'F90', 'CNA441', 'BE9T', NULL, NULL, NULL, 'Beech Super King Air', 'INM 6.1 acft_sub.dbf'
'FAL10', 'LEAR35', 'FA10', 'FA10', NULL, NULL, 'Falcon 10', 'INM 6.1 acft_sub.dbf'
'FAL20', NULL, 'FA20', 'FA20', 'CF700-2D-2', NULL, 'FALCON 20/CF700-2D-2', 'INM 6.1 aircraft.dbf'
'FAL200', 'LEAR35', 'FA20', 'FA20', NULL, NULL, 'Falcon 200', 'INM 6.1 acft_sub.dbf'
'FAL20A', 'CL600', 'F2TH', 'F900', NULL, NULL, 'Falcon 2000', 'INM 6.1 acft_sub.dbf'
'FB111A', NULL, 'F111', NULL, 'TF30-P-100', NULL, 'GENERAL DYNAMICS FB111 PW TF30-P-100', 'INM 6.1 aircraft.dbf'
'FH227', 'HS748A', 'F27', 'F27', NULL, NULL, 'Fairchild-Hiller F-227 (Fokker 27 Elong)', 'INM 6.1 acft_sub.dbf'
'FH27', 'HS748A', 'F27', 'F27', NULL, NULL, 'Fairchild-Hiller F-27 (Fokker 27)', 'INM 6.1 acft_sub.dbf'
'FK27', 'HS748A', 'F27', 'F27', NULL, NULL, 'Fokker F.27', 'INM 6.1 acft_sub.dbf'
'FK50', 'DHC830', 'F50', 'F50', NULL, NULL, 'Fokker 50', 'INM 6.1 acft_sub.dbf'
'FK70', 'F10062', 'F70', 'F70', NULL, NULL, 'Fokker 70', 'INM 6.1 acft_sub.dbf'
'G164AG', 'GASEPV', 'G164', NULL, NULL, NULL, 'GrummanAmerican Super Agcat', 'INM 6.1 acft_sub.dbf'
'GA7', 'BEC58P', 'GA7', NULL, NULL, NULL, 'Grumman Cougar (GA7)', 'INM 6.1 acft_sub.dbf'
'GASEPF', NULL, 'ZZPP', NULL, NULL, NULL, '1985 1-ENG FP PROP (piston)', 'INM 6.1 aircraft.dbf'
'GASEPV', NULL, 'ZZPP', NULL, NULL, NULL, '1985 1-ENG VP PROP (piston)', 'INM 6.1 aircraft.dbf'
'GC1', 'GASEPF', 'GC1', NULL, NULL, NULL, 'Vought Swift', 'INM 6.1 acft_sub.dbf'
'GII', NULL, 'GLF2', 'CL60', 'SPEY MK511-8', 'MK511', 'Gulfstream GII/SPEY 511-8', 'INM 6.1 aircraft.dbf'
'GIIB', NULL, 'GLF2', 'CL60', 'SPEY MK511-8', 'MK511', 'Gulfstream GIIB/GIII - SPEY 511-8', 'INM 6.1 aircraft.dbf'
'GIV', NULL, 'GLF4', 'CL60', 'TAY Mk611-8', '1RR019', 'Gulfstream GIV-SP/TAY 611-8', 'INM 6.1 aircraft.dbf'
'GROB15', 'GASEPF', 'D228', 'D228', NULL, NULL, 'Burkhart Grob G 115', 'INM 6.1 acft_sub.dbf'
'GSPORT', 'GASEPF', 'D228', 'D228', NULL, NULL, 'Great Lakes Sport', 'INM 6.1 acft_sub.dbf'
'GULF1', 'HS748A', 'G159', NULL, 'Dart 529-8X', NULL, 'Gulfstream I (G159)', 'INM 6.1 acft_sub.dbf'
'GULF2', 'GII', 'GLF2', 'CL60', 'SPEY MK511-8', 'MK511', 'Gulfstream II', 'INM 6.1 acft_sub.dbf'
'GULF3', 'GIIB', 'GLF3', 'CL60', 'SPEY MK511-8', 'MK511', 'Gulfstream III', 'INM 6.1 acft_sub.dbf'
'GULFCO', 'CNA441', 'AC95', 'BE20', NULL, NULL, 'Gulfstream Commander', 'INM 6.1 acft_sub.dbf'
'GV', NULL, 'GLF5', 'CL60', 'BR700-BR710A1-10', NULL, 'Gulfstream GV/BR 710', 'INM 6.1 aircraft.dbf'
'HARRI', NULL, 'HAR', 'FGTN', 'PEGASUS 6', NULL, 'BAE HARRIER AV8 RR PEGASUS 6', 'INM 6.1 aircraft.dbf'
'HAWK', NULL, 'HAWK', 'FGTN', 'ADOUR MK151', NULL, 'BAE SYSTEMS HAWK/RR ADOUR MK151', 'INM 6.1 aircraft.dbf'
'HS125', 'LEAR25', 'H25A', 'H25B', NULL, NULL, 'Hawker-Siddeley 125', 'INM 6.1 acft_sub.dbf'
'HS1258', 'LEAR35', 'H25B', 'H25B', NULL, NULL, 'Bae (Hawker-Siddeley) 125-800', 'INM 6.1 acft_sub.dbf'
'HS748', NULL, 'A748', 'AT72', 'DART MK536-2', NULL, 'RR DART RDA7 MK 536-2', 'INM 6.1 aircraft.dbf'
'HS748A', NULL, 'A748', 'AT72', 'DART MK532-2', NULL, 'HS748/DART MK532-2', 'INM 6.1 aircraft.dbf'
'HUNTER', NULL, 'HAWK', 'FGTN', 'AVON RA28', NULL, 'RR AVON RA28', 'INM 6.1 aircraft.dbf'
'IA1123', 'LEAR25', 'WW23', NULL, NULL, NULL, 'IAI 1123 Westwind', 'INM 6.1 acft_sub.dbf'
'IA1124', 'IA1125', 'WW24', 'H25B', NULL, NULL, 'IAI 1124 Westwind', 'INM 6.1 acft_sub.dbf'
'IA1125', NULL, 'ASTR', 'LJ45', 'TFE731-3A', NULL, 'ASTRA 1125/TFE731-3A', 'INM 6.1 aircraft.dbf'
'IARAVA', 'DHC6', 'ARVA', NULL, NULL, NULL, 'IAI Arava', 'INM 6.1 acft_sub.dbf'
'IL114', 'CVR580', 'I114', NULL, NULL, NULL, 'Ilyushin-114', 'INM 6.1 acft_sub.dbf'
'IL62', '707QN', 'IL62', 'B703', NULL, NULL, 'Ilyushin-62', 'INM 6.1 acft_sub.dbf'
'IL76', 'DC8QN', 'IL76', 'A30B', NULL, NULL, 'Ilyushin-76', 'INM 6.1 acft_sub.dbf'
'IL86', 'DC8QN', 'IL86', 'DC87', NULL, NULL, 'Ilyushin-86', 'INM 6.1 acft_sub.dbf'
'IL96', '747200', 'IL96', 'DC87', NULL, NULL, 'Illyushin-96', 'INM 6.1 acft_sub.dbf'
'JAGUAR', NULL, 'JAGR', 'FGTN', NULL, NULL, 'SEPECAT JAGUAR', 'INM 6.1 aircraft.dbf'
'JPATS', NULL, 'TEX2', NULL, 'PT6A-68', 'PT6A68', 'Raytheon T-6A Texan II / PT6A-68', 'INM 6.1 aircraft.dbf'
'JST1TF', 'LEAR35', 'L29A', 'CL60', NULL, NULL, 'Jetstar 1 Turbofan', 'INM 6.1 acft_sub.dbf'
'JST1TJ', 'LEAR25', 'L29A', 'CL60', NULL, NULL, 'Jetstar 1 Turbojet', 'INM 6.1 acft_sub.dbf'
'JST2TF', 'LEAR35', 'L29B', 'CL60', NULL, NULL, 'Lockheed Jetstar 2', 'INM 6.1 acft_sub.dbf'
'KC10A', NULL, 'DC10', 'DC10', 'CF6-50C1-C2', '1GE007', 'CFG-50C2', 'INM 6.1 aircraft.dbf'
'KC135', NULL, 'K35A', 'B703', 'J57-P-59W', NULL, 'KC135A/J57-P-59W', 'INM 6.1 aircraft.dbf'
'KC-135', NULL, 'K35A', 'B703', 'F108-CF-100', 'F108', 'BOEING STRATOTANKER KC135R F108-CF100', 'INM 6.1 aircraft.dbf'
'KC135B', NULL, 'C135', 'B703', 'JT3D-7 SERIES', '1PW002', 'KC135B/JT3D-7', 'INM 6.1 aircraft.dbf'
'KC135', '707320', 'K35', 'B703', NULL, NULL, 'Boeing KC135 Stratotanker (Re-engined)', 'INM 6.1 acft_sub.dbf'
'KC135R', NULL, 'K35R', 'B703', 'CFM56-2B-1', '1CM002', 'KC135R/CFM56-2B-1', 'INM 6.1 aircraft.dbf'
'KC97L', NULL, 'C97', NULL, 'R-436-59B', NULL, 'BOEING STRATOFREIGHTER PW R-436-59B', 'INM 6.1 aircraft.dbf'
'L1011', NULL, 'L101', 'L101', 'RB211-22B', '1RR003', 'L1011/RB211-22B', 'INM 6.1 aircraft.dbf'
'L10115', NULL, 'L101', 'L101', 'RB211-224B', NULL, 'L1011-500/RB211-224B', 'INM 6.1 aircraft.dbf'
'L188', NULL, 'L188', 'C130', 'ALL 501-D13', NULL, 'L188C/ALL 501-D13', 'INM 6.1 aircraft.dbf'
'LA42', 'GASEPV', 'LA4', NULL, NULL, NULL, 'Lake LA-4-200 Buccaneer', 'INM 6.1 acft_sub.dbf'
'LEAR23', 'LEAR25', 'LJ23', NULL, 'CJ610-4', NULL, 'Learjet 23', 'INM 6.1 acft_sub.dbf'
'LEAR24', 'LEAR25', 'LJ24', 'FA10', 'CJ610-6', 'CJ6106', 'Learjet 24', 'INM 6.1 acft_sub.dbf'
'LEAR25', NULL, 'LJ25', 'LJ35', 'CJ610-8', NULL, 'LEAR 25/CJ610-8', 'INM 6.1 aircraft.dbf'
'LEAR31', 'LEAR35', 'LJ31', 'LJ35', NULL, NULL, 'Learjet 31', 'INM 6.1 acft_sub.dbf'
'LEAR35', NULL, 'LJ35', 'LJ35', 'TFE731-2', NULL, 'LEAR 36/TFE731-2', 'INM 6.1 aircraft.dbf'
'LEAR36', 'LEAR35', 'LJ35', 'LJ35', NULL, NULL, 'Learjet 36', 'INM 6.1 acft_sub.dbf'
'LEAR45', 'LEAR35', 'LJ45', 'LJ45', NULL, NULL, 'Learjet 45', 'INM 6.1 acft_sub.dbf'
'LEAR55', 'LEAR35', 'LJ55', 'LJ35', NULL, NULL, 'Learjet 55', 'INM 6.1 acft_sub.dbf'
'LEAR60', 'LEAR35', 'LJ60', 'LJ45', NULL, NULL, 'Learjet 60', 'INM 6.1 acft_sub.dbf'
'LIGHTN', NULL, 'LTNG', NULL, 'AVON 302C', NULL, 'BAC Lightning /RR AVON 302C', 'INM 6.1 aircraft.dbf'
'LOADMS', 'SD330', 'LOAD', NULL, NULL, NULL, 'Ayres LoadMaster', 'INM 6.1 acft_sub.dbf'
'M20J', 'GASEPV', 'M20P', 'TRIN', NULL, NULL, 'Mooney 201LM and 205 (M20J)', 'INM 6.1 acft_sub.dbf'
'M20K', 'GASEPV', 'M20T', 'TRIN', NULL, NULL, 'Mooney 252TSE (M20K)', 'INM 6.1 acft_sub.dbf'
'M20L', 'GASEPV', 'M20P', 'TRIN', NULL, NULL, 'Mooney Pegasus (M20L)', 'INM 6.1 acft_sub.dbf'
'MB339C', 'A7D', 'M339', NULL, NULL, NULL, 'Aermacchi M.B. 339-C', 'INM 6.1 acft_sub.dbf'
'MD11G', NULL, 'MD11', 'MD11', 'CF6-80C2D1F', '1GE031', 'MD-11/CF6-80C2D1F', 'INM 6.1 aircraft.dbf'
'MD11PW', NULL, 'MD11', 'MD11', 'PW4460', '1PW052', 'MD-11/PW 4460', 'INM 6.1 aircraft.dbf'
'MD80', 'MD81', 'MD80', NULL, NULL, NULL, 'McDonnell-Douglas  MD80', 'INM 6.1 acft_sub.dbf'
'MD81', NULL, 'MD81', 'MD83', 'JT8D-209', '1PW017', 'MD-81/JT8D-209', 'INM 6.1 aircraft.dbf'
'MD82', NULL, 'MD82', 'MD83', 'JT8D-217A', '4PW069', 'MD-82/JT8D-217A', 'INM 6.1 aircraft.dbf'
'MD83', NULL, 'MD83', 'MD83', 'JT8D-219', '1PW019', 'MD-83/JT8D-219', 'INM 6.1 aircraft.dbf'
'MD87', 'MD81', 'MD87', 'MD83', NULL, NULL, 'McDonnell-Douglas  MD87', 'INM 6.1 acft_sub.dbf'
'MD88', 'MD83', 'MD88', 'MD83', NULL, NULL, 'McDonnell-Douglas  MD88', 'INM 6.1 acft_sub.dbf'
'MD8819', 'MD81', 'MD88', 'MD83', 'JT8D-119', NULL, 'MD88 w/JT8D-119', 'INM 6.1 acft_sub.dbf'
'MD9025', NULL, 'MD90', 'MD83', 'V2525-D5', '1IA002', 'MD-90/V2525-D5', 'INM 6.1 aircraft.dbf'
'MD9028', NULL, 'MD90', 'MD83', 'V2528-D5', '1IA004', 'MD-90/V2528-D5', 'INM 6.1 aircraft.dbf'
'MU2', 'DHC6', 'MU2', 'MU2', NULL, NULL, 'Mitsubishi MU-2', 'INM 6.1 acft_sub.dbf'
'MU300', 'CNA500', 'MU30', 'C550', NULL, NULL, 'Mitsubishi Diamond MU-300', 'INM 6.1 acft_sub.dbf'
'MU3001', NULL, 'MU30', 'C550', 'JT15D-4', NULL, 'MU300-10/JT15D-4', 'INM 6.1 aircraft.dbf'
'N24', 'CNA441', 'NOMA', NULL, NULL, NULL, 'Gov. Aircraft Factories N24', 'INM 6.1 acft_sub.dbf'
'NIMROD', NULL, 'NIM', 'B703', 'SPEY MK511', '8RR043', 'RR SPEY MK511', 'INM 6.1 aircraft.dbf'
'NRD262', 'SD330', 'N262', 'JS41', NULL, NULL, 'Nord-Aviation NORD-262', 'INM 6.1 acft_sub.dbf'
'OV1', 'DHC6', 'V1', NULL, NULL, NULL, 'Grumman Mohawk OV-1', 'INM 6.1 acft_sub.dbf'
'OV10A', NULL, 'V10', NULL, 'T76', NULL, 'ROCKWELL BRONCO T76', 'INM 6.1 aircraft.dbf'
'P3A', NULL, 'P3', 'C130', 'T56-A-14', 'T56A14', 'LOCKHEED ORION T56-A-14', 'INM 6.1 aircraft.dbf'
'P3C', NULL, 'P3', 'C130', 'T56-A-14', 'T56A14', 'LOCKHEED ORION / T56-A-14', 'INM 6.1 aircraft.dbf'
'PA17', 'GASEPF', 'PA17', NULL, NULL, NULL, 'Piper PA-17 Vagabond', 'INM 6.1 acft_sub.dbf'
'PA18', 'GASEPF', 'PA18', 'P28A', NULL, NULL, 'Piper PA-18 Super Cub', 'INM 6.1 acft_sub.dbf'
'PA22CO', 'GASEPF', 'PA22', NULL, NULL, NULL, 'Piper PA-22 Colt', 'INM 6.1 acft_sub.dbf'
'PA22TR', 'GASEPF', 'PA22', NULL, NULL, NULL, 'Piper PA-22 Tripacer', 'INM 6.1 acft_sub.dbf'
'PA23AP', 'BEC58P', 'PA27', 'PA27', NULL, NULL, 'Piper PA-23-235 Apach', 'INM 6.1 acft_sub.dbf'
'PA23AZ', 'BEC58P', 'PA27', 'PA27', NULL, NULL, 'Piper PA-23 Aztec', 'INM 6.1 acft_sub.dbf'
'PA24', 'GASEPV', 'PA24', NULL, NULL, NULL, 'Piper PA-24 Comanch', 'INM 6.1 acft_sub.dbf'
'PA25', 'GASEPV', 'PA25', NULL, NULL, NULL, 'Piper PA-25 Pawne', 'INM 6.1 acft_sub.dbf'
'PA28AR', 'GASEPF', 'PA28', NULL, NULL, NULL, 'Piper PA-28-181 Archer II', 'INM 6.1 acft_sub.dbf'
'PA28C2', 'GASEPV', 'P28B', 'P28A', NULL, NULL, 'Piper PA-28-235E Cherokee 235', 'INM 6.1 acft_sub.dbf'
'PA28CA', 'GASEPV', 'P28R', 'TRIN', NULL, NULL, 'Piper PA-28R-200 Cherokee Arrow II', 'INM 6.1 acft_sub.dbf'
'PA28CC', 'GASEPF', 'P28A', 'P28A', NULL, NULL, 'Piper PA-28-180 Cherokee Challenger', 'INM 6.1 acft_sub.dbf'
'PA28CH', 'GASEPF', 'P28A', 'P28A', NULL, NULL, 'Piper PA-28-140 Cherokee 140', 'INM 6.1 acft_sub.dbf'
'PA28DK', 'GASEPV', 'P28B', 'P28A', NULL, NULL, 'Piper PA-28-236 Dakota', 'INM 6.1 acft_sub.dbf'
'PA28WA', 'GASEPF', 'P28A', 'P28A', NULL, NULL, 'Piper PA-28-161 Warrior II', 'INM 6.1 acft_sub.dbf'
'PA30', 'BEC58P', 'PA30', NULL, NULL, NULL, 'Piper PA-30 Twin Comanch', 'INM 6.1 acft_sub.dbf'
'PA31', 'BEC58P', 'PA31', 'PA31', NULL, NULL, 'Piper PA-31 Navajo', 'INM 6.1 acft_sub.dbf'
'PA31CH', 'BEC58P', 'PA31', 'PA31', NULL, NULL, 'Piper PA-31-350 Chieftain', 'INM 6.1 acft_sub.dbf'
'PA31T', 'CNA441', 'PAY2', 'PAY2', NULL, NULL, 'Piper PA-31T Cheyenn', 'INM 6.1 acft_sub.dbf'
'PA32C6', 'GASEPV', 'PA32', 'PA34', NULL, NULL, 'Piper PA-32 Cherokee Six', 'INM 6.1 acft_sub.dbf'
'PA32LA', 'GASEPV', 'P32R', 'PA34', NULL, NULL, 'Piper PA-32R-300 Lanc', 'INM 6.1 acft_sub.dbf'
'PA32SG', 'GASEPV', 'PA32', 'PA34', NULL, NULL, 'Piper PA-32 Saratoga', 'INM 6.1 acft_sub.dbf'
'PA34', 'BEC58P', 'PA34', 'PA34', NULL, NULL, 'Piper PA-34 Seneca', 'INM 6.1 acft_sub.dbf'
'PA36', 'BEC58P', 'PA36', NULL, NULL, NULL, 'Piper 36 Brav', 'INM 6.1 acft_sub.dbf'
'PA38', 'GASEPF', 'PA38', NULL, NULL, NULL, 'Piper PA-38-112 Tomahawk', 'INM 6.1 acft_sub.dbf'
'PA39', 'BEC58P', 'PA30', NULL, NULL, NULL, 'Piper PA-39 Twin Comanche C/R', 'INM 6.1 acft_sub.dbf'
'PA42', 'CNA441', 'PAY3', 'PAY3', NULL, NULL, 'Piper PA-42 Cheyenne III', 'INM 6.1 acft_sub.dbf'
'PA44', 'BEC58P', 'PA44', 'PA27', NULL, NULL, 'Piper 44 Seminol', 'INM 6.1 acft_sub.dbf'
'PA46', 'GASEPV', 'PA46', NULL, NULL, NULL, 'Piper PA-46 Malibu', 'INM 6.1 acft_sub.dbf'
'PA60', 'BEC58P', 'AEST', 'FGTN', NULL, NULL, 'Piper Aerostar Model 600/700', 'INM 6.1 acft_sub.dbf'
'PA61', 'BEC58P', 'AEST', 'FGTN', NULL, NULL, 'Piper PA-61 Aerostar Model 601', 'INM 6.1 acft_sub.dbf'
'PC6', 'GASEPV', 'PC6P', NULL, NULL, NULL, 'Pilatus PC-6', 'INM 6.1 acft_sub.dbf'
'PHANTO', NULL, 'F4', 'FGTN', NULL, NULL, 'MCDONNELL DOUGLAS PHANTOM F-4', 'INM 6.1 aircraft.dbf'
'PITTS1', 'GASEPF', 'PTS1', NULL, NULL, NULL, 'Pitts S-1 Special', 'INM 6.1 acft_sub.dbf'
'PROVOS', NULL, 'JPRO', NULL, 'VIPER 11', NULL, 'BRISTON SIDDELEY VIPER 11', 'INM 6.1 aircraft.dbf'
'RJ70', 'BAE146', 'RJ70', 'B462', NULL, NULL, 'RJ70 Avroliner', 'INM 6.1 acft_sub.dbf'
'RWCM12', 'GASEPF', 'AC11', NULL, NULL, NULL, 'Rockwell Commander 112 (Alpine)', 'INM 6.1 acft_sub.dbf'
'RWCM14', 'GASEPV', 'AC11', NULL, NULL, NULL, 'Rockwell Commander 114 (Gram Turismo)', 'INM 6.1 acft_sub.dbf'
'RWCM50', 'BEC58P', 'AC50', NULL, NULL, NULL, 'Rockwell Shrike Commander 500S', 'INM 6.1 acft_sub.dbf'
'RWCM69', 'CNA441', 'AC90', 'BE20', NULL, NULL, 'Rockwell Turbo Commander 690', 'INM 6.1 acft_sub.dbf'
'RWCMTH', 'GASEPV', 'SS2P', NULL, NULL, NULL, 'Rockwell Thrust Commander (SR2)', 'INM 6.1 acft_sub.dbf'
'S2', 'DC3', 'S2P', NULL, NULL, NULL, 'Grumman S-2 Tracker', 'INM 6.1 acft_sub.dbf'
'S212', 'CNA500', 'S211', NULL, NULL, NULL, 'Siai Marchetti S212', 'INM 6.1 acft_sub.dbf'
'S3A&B', NULL, 'F3', NULL, 'TF34-GE-2', NULL, 'LOCKHEED VIKING TF34-6E-2', 'INM 6.1 aircraft.dbf'
'SA226', 'DHC6', 'SW4', 'SW3', NULL, NULL, 'Swearingen Metro II', 'INM 6.1 acft_sub.dbf'
'SA227', 'DHC6', 'SW4', 'SW3', NULL, NULL, 'Swearingen Metro III', 'INM 6.1 acft_sub.dbf'
'SAAB20', 'HS748A', 'SB20', 'SB20', NULL, NULL, 'SAAB 2000', 'INM 6.1 acft_sub.dbf'
'SABR40', 'LEAR25', 'SBR1', 'FA20', NULL, NULL, 'Sabreliner 40', 'INM 6.1 acft_sub.dbf'
'SABR60', 'LEAR25', 'SBR1', 'FA20', NULL, NULL, 'Sabreliner 60', 'INM 6.1 acft_sub.dbf'
'SABR65', 'LEAR35', 'SBR1', 'FA20', NULL, NULL, 'Sabreliner 65', 'INM 6.1 acft_sub.dbf'
'SABR70', 'LEAR25', 'SBR2', NULL, NULL, NULL, 'Sabreliner 70', 'INM 6.1 acft_sub.dbf'
'SABR75', 'LEAR25', 'SBR2', NULL, NULL, NULL, 'Sabreliner 75', 'INM 6.1 acft_sub.dbf'
'SABR80', NULL, 'SBR2', NULL, NULL, NULL, 'NA SABRELINER 80', 'INM 6.1 aircraft.dbf'
'SAMER2', 'CNA441', 'SW2', 'SW3', NULL, NULL, 'Swearingen Merlin II', 'INM 6.1 acft_sub.dbf'
'SAMER3', 'CNA441', 'SW3', 'SW3', NULL, NULL, 'Swearingen Merlin III', 'INM 6.1 acft_sub.dbf'
'SAMER4', 'DHC6', 'SW4', 'SW3', NULL, NULL, 'Swearingen Merlin IV', 'INM 6.1 acft_sub.dbf'
'SD330', NULL, 'SH33', 'SH36', 'PT6A-45AR', NULL, 'Shorts SD330 Sherpa/PT6A-45AR', 'INM 6.1 aircraft.dbf'
'SD360', 'SD330', 'SH36', 'SH36', NULL, NULL, 'Shorts 360', 'INM 6.1 acft_sub.dbf'
'SE210', '737', 'S210', NULL, NULL, NULL, 'Aerospatiale Caravell', 'INM 6.1 acft_sub.dbf'
'SF260M', 'GASEPV', 'F260', NULL, NULL, NULL, 'Siai Marchetti SF260M', 'INM 6.1 acft_sub.dbf'
'SF340', NULL, 'SF34', 'SF34', 'CT7-9B', 'CT79B', 'SAAB SF340B/CT7-9B', 'INM 6.1 aircraft.dbf'
'SN600', 'CNA500', 'S601', 'C550', NULL, NULL, 'Aerospatiale SN 600 Corvett', 'INM 6.1 acft_sub.dbf'
'SR71', NULL, 'SR71', NULL, 'JT11D-20B', NULL, 'SR-71 Blackbird/JT11D-20B', 'INM 6.1 aircraft.dbf'
'T1', NULL, 'T33', NULL, 'JT15D-5-5A-5B', '1PW037', 'LOCKHEED SEA STAR JT15D-5', 'INM 6.1 aircraft.dbf'
'T29', NULL, '????', NULL, 'R-2800-99W', NULL, 'GENERAL DYNAMICS CV34 PW R-2800-99W', 'INM 6.1 aircraft.dbf'
'T-2C', NULL, 'T2', NULL, 'J85-GE-4', NULL, 'ROCKWELL BUCKEYE J85-6E-4', 'INM 6.1 aircraft.dbf'
'T3', NULL, '????', NULL, 'AEIO-540-D4A5', NULL, 'AEIO-540-D4A5', 'INM 6.1 aircraft.dbf'
'T33A', NULL, 'T33', NULL, NULL, NULL, 'LOCKHEED T-33A J33-35', 'INM 6.1 aircraft.dbf'
'T34', NULL, 'T34T', NULL, 'PT6A-25', NULL, 'BEECH MENTOR (BE45) PT6A-25', 'INM 6.1 aircraft.dbf'
'T37', 'LEAR25', 'T37', NULL, NULL, NULL, 'USAF Cessna T37 or 318', 'INM 6.1 acft_sub.dbf'
'T37B', NULL, 'T37', NULL, 'J69-T-25', NULL, 'CESSNA 318 J69-T-25', 'INM 6.1 aircraft.dbf'
'T38', 'LEAR25', 'T38', NULL, NULL, NULL, 'USAF Northrop T38', 'INM 6.1 acft_sub.dbf'
'T-38A', NULL, 'T38', NULL, NULL, NULL, 'NORTHROP TALON T-38A', 'INM 6.1 aircraft.dbf'
'T39A', NULL, 'SBR1', 'FA20', 'J85', NULL, 'ROCKWELL SABRELINER GEJ85', 'INM 6.1 aircraft.dbf'
'T41', NULL, 'C172', 'P28A', 'O-329-E2D', NULL, 'CESSNA 172 O-320-E2D', 'INM 6.1 aircraft.dbf'
'T42', NULL, 'BE55', 'D228', NULL, NULL, 'BEECH BARON (BE55)', 'INM 6.1 aircraft.dbf'
'T43A', '737', 'B732', 'B732', NULL, NULL, 'USAF 737-200', 'INM 6.1 acft_sub.dbf'
'T-43A', NULL, 'B732', 'B732', NULL, NULL, 'BOEING 737 T43A', 'INM 6.1 aircraft.dbf'
'T44', NULL, '????', NULL, NULL, NULL, 'T44', 'INM 6.1 aircraft.dbf'
'T45', NULL, 'SS2T', NULL, 'PT6A-45AG', 'P645AG', 'Ayres S2R-T45/PT6A-45AG', 'INM 6.1 aircraft.dbf'
'T47A', 'CNA500', 'C550', 'C550', NULL, NULL, 'US Navy Cessna Citation S/II', 'INM 6.1 acft_sub.dbf'
'TAYF19', 'GASEPF', 'TF19', NULL, NULL, NULL, 'Taylorcraft Sprtsman 100 (F19)', 'INM 6.1 acft_sub.dbf'
'TED600', 'BEC58P', 'AEST', 'FGTN', NULL, NULL, 'Ted Smith Aerostar 600', 'INM 6.1 acft_sub.dbf'
'TORNAD', NULL, 'TOR', 'FGTN', 'RB199-34R', NULL, 'Tornado RB199-34R', 'INM 6.1 aircraft.dbf'
'TR1', NULL, 'U2', NULL, 'J75-P-13B', NULL, 'Lockheed TR-1/J75-P-13B', 'INM 6.1 aircraft.dbf'
'TU134', 'DC930', 'T134', 'T134', NULL, NULL, 'Tupolev-134', 'INM 6.1 acft_sub.dbf'
'TU154', '727D17', 'T154', 'T154', NULL, NULL, 'Tupolev-154', 'INM 6.1 acft_sub.dbf'
'TU204', '757RR', 'T204', 'B752', NULL, NULL, 'Tupolev-204', 'INM 6.1 acft_sub.dbf'
'TU334', 'F10065', 'TU34', NULL, NULL, NULL, 'Tuploev-334', 'INM 6.1 acft_sub.dbf'
'U2', NULL, 'U2', NULL, 'J75-P-13', NULL, 'LOCKHEED U2 J75-P-13', 'INM 6.1 aircraft.dbf'
'U21', NULL, 'U21', NULL, 'PT6A-20', 'PT6A20', 'BEECH UTE PW PT6A-20', 'INM 6.1 aircraft.dbf'
'U3', 'BEC58P', 'C310', 'PA31', NULL, NULL, 'USAF Cessna Model 310', 'INM 6.1 acft_sub.dbf'
'U4B', NULL, 'AC68', NULL, 'G0-540B1A', NULL, 'ROCKWELL SUPER COMMANDER 1G0-540B1A', 'INM 6.1 aircraft.dbf'
'U6', NULL, 'DHC2', NULL, 'R-985', NULL, 'DEHAVILLAND BEAVER PW R-985 DHC-2', 'INM 6.1 aircraft.dbf'
'U8F', NULL, 'BE65', NULL, '0-480-1 D50', NULL, 'BEECH SEMINOLE 0-480-1 D50', 'INM 6.1 aircraft.dbf'
'UV18', 'DHC6', 'DHC6', NULL, NULL, NULL, 'US Military DHC-6 Twin Otter', 'INM 6.1 acft_sub.dbf'
'VC10', NULL, 'VC10', 'B703', 'CONWAY RCO-42', NULL, 'Vickers VC10/RR CONWAY RC0-42', 'INM 6.1 aircraft.dbf'
'VC10TF', '707', 'VC10', 'B703', NULL, NULL, 'Vickers VC10 TurboFan', 'INM 6.1 acft_sub.dbf'
'VC10TJ', 'DC820', 'VC10', 'B703', NULL, NULL, 'Vickers VC10 TurboJet', 'INM 6.1 acft_sub.dbf'
'VC2', 'L188', 'VISC', NULL, NULL, NULL, 'Vickers VC2 Viscount', 'INM 6.1 acft_sub.dbf'
'VICTOR', NULL, 'P68', 'PA31', NULL, NULL, 'BRITISH AEROSPACE VICTOR', 'INM 6.1 aircraft.dbf'
'VULCAN', NULL, '????', NULL, 'OLYMPUS 301', NULL, 'BRITTEN NORMAN VULCAN RR OLYMPUS 301', 'INM 6.1 aircraft.dbf'
'YAK42', '727100', 'YK42', 'B461', NULL, NULL, 'Yakolev Yak-42', 'INM 6.1 acft_sub.dbf'
'YC14', NULL, '????', NULL, 'CF6-50D', NULL, 'GE CF6-50D', 'INM 6.1 aircraft.dbf'
'YC15', NULL, 'C15', NULL, 'JT8D-17', '1PW012', 'PWJT8D-17', 'INM 6.1 aircraft.dbf'
'YS11', 'HS748A', 'YS11', NULL, NULL, NULL, 'Nihon Aeroplane (NAMC) YS-11', 'INM 6.1 acft_sub.dbf'
'YS11C', 'HS748A', 'YS11', NULL, NULL, NULL, 'Nihon Aeroplane (NAMC) YS-11 Cargo', 'INM 6.1 acft_sub.dbf'